金額,売上額,伝№,請№,売上先
3300,,,,(1001306)飴野応用（大商海運）
3300,,,,(1003046)ｱﾘｽﾀﾍﾙｽｱﾝﾄﾞﾆｭｰﾄﾘｼｮﾝｻｲｴﾝｽ(大商海
3300,,,,(1200024)泉産業貿易㈱
3300,,,,(1300228)(株)ウチダ(大商海運)
3300,,,,(1400399)エムオー貿易（大商海運）
3300,,,,(1401916)M-OEXIMサービス（大商海運）
3300,,,,(1603013)㈱ｶﾝﾀﾞﾏｼﾅﾘｰ（大商海運株㈱）　
3300,,,,(1800027)株式会社　久原製作所
3300,,,,(2001634)神戸ﾙﾌﾞﾘｶﾝｽ（大商海運）
3300,,,,(2100197)（株）サンコートレーディング
3300,,,,(2800096)大商海運　株式会社
3300,,,,(2801135)（株）タカオカメガ(大商海運㈱
3300,,,,(2803201)タカラ産業㈱（大商海運㈱）
3300,,,,(2804875)ダイキ化成㈱（大商海運㈱大阪)
3300,,,,(2805217)㈱ﾀﾞﾝﾄｰﾀｲﾙ(大商海運㈱大阪)
3300,42140,8303693,0,(3000019)ＣＢＣ株式会社
3300,16041,8303719,0,(3000019)ＣＢＣ株式会社
3300,71952,8312092,0,(3000019)ＣＢＣ株式会社
3300,27015,8311441,0,(3000019)ＣＢＣ株式会社
3300,41144,8314687,0,(3000019)ＣＢＣ株式会社
3300,71638,8315762,0,(3000019)ＣＢＣ株式会社
3300,15257,8309221,0,(3000019)ＣＢＣ株式会社
3300,15394,8324694,0,(3000019)ＣＢＣ株式会社
3300,,,,(3000188)ﾁｪｰﾝｽﾞ（大商海運）
3300,3300,8327316,0,(3303593)㈱ｳｪﾙﾏﾃｯｸ(大商海運㈱)
3300,,,,(3303593)㈱鳥谷溶接研究所(大商海運㈱)
3300,,,,(3305077)TOMATEC㈱(大商海運㈱大阪）
3300,,,,(3305362)TOMATEC株式会社
3300,,,,(3500005)日本ペイントマテリアルズ(株)
3300,,,,(3503619)日進医療器㈱（大商海運）
3300,,,,(4102224)東日本ﾀﾞﾝﾄｰﾀｲﾙ㈱(大商海運大
3300,,,,(4501748)まるとみ工業（大商海運）
3300,,,,(4503140)㈱マルサン精密(大商海運　大阪)
3300,,,,(9999999)輸入現金扱い諸口
3300,,,,"(I001085)INTERLINK, INC."
4200,,,,(1005553)㈱旭ｹﾐｶﾙｽ(日本国際商船　大阪)
4200,,,,(1400049)ＳＰＫ　株式会社
4200,,,,(1400049)ＳＰＫ株式会社
4200,,,,(1403871)SPK株式会社(GMC)
4200,,,,(1404467)SPK株式会社(AS CLﾉﾐﾈ)
4200,,,,(1404508)SPK㈱(日本国際商船　大阪)
4200,,,,(1404508)SPK㈱(日本国際商船大阪)
4200,,,,(1503180)オクイ㈱(日本国際商船　大阪)
4200,,,,(2306927)神港精機㈱(日本国際商船　大阪
4200,,,,(2500695)ｽｶｲﾏｳﾝﾄ(日本国際商船）
4200,,,,(3202022)㈱ﾃｸﾉｱｿｼｴ(日本国際商船　大阪)
4200,,,,(3304266)籐栄㈱（日本国際商船　大阪）
4200,16625,8327456,0,(3500076)日本国際商船　株式会社
4200,5951,8327469,0,(3500076)日本国際商船　株式会社
4200,16289,8327383,0,(3500076)日本国際商船　株式会社
4200,4200,8325900,0,(3500076)日本国際商船　株式会社
4200,68340,8323901,0,(3500076)日本国際商船　株式会社
4200,,,,(3500076)日本国際商船株式会社
4200,,,,(3500362)日本コルマー(日本国際商船)
9875,,,,(1801030)㈱CROWN PACKAGE(東陽倉庫㈱)
9875,41386,8280362,274882,(3300605)東陽倉庫㈱　国際輸送課
9875,87336,8280376,274882,(3300605)東陽倉庫㈱　国際輸送課
9875,43348,8288251,274882,(3300605)東陽倉庫㈱　国際輸送課
9875,50532,8286067,274882,(3300605)東陽倉庫㈱　国際輸送課
9875,40589,8290674,274882,(3300605)東陽倉庫㈱　国際輸送課
9875,12572,8293632,274882,(3300605)東陽倉庫㈱　国際輸送課
9875,10721,8296098,274882,(3300605)東陽倉庫㈱　国際輸送課
9875,18900,8295862,274882,(3300605)東陽倉庫㈱　国際輸送課
9875,33045,8297076,274882,(3300605)東陽倉庫㈱　国際輸送課
9875,10721,8295871,274882,(3300605)東陽倉庫㈱　国際輸送課
9875,26987,8302863,274882,(3300605)東陽倉庫㈱　国際輸送課
9875,12391,8302864,274882,(3300605)東陽倉庫㈱　国際輸送課
9875,25534,8304727,274882,(3300605)東陽倉庫㈱　国際輸送課
9875,10579,8307572,274882,(3300605)東陽倉庫㈱　国際輸送課
9875,10653,8300402,274882,(3300605)東陽倉庫㈱　国際輸送課
9875,12277,8308554,274882,(3300605)東陽倉庫㈱　国際輸送課
9875,143976,8309178,0,(3300605)東陽倉庫㈱　国際輸送課
9875,26633,8309210,0,(3300605)東陽倉庫㈱　国際輸送課
9875,65749,8312840,0,(3300605)東陽倉庫㈱　国際輸送課
9875,31380,8314412,0,(3300605)東陽倉庫㈱　国際輸送課
9875,41866,8315313,0,(3300605)東陽倉庫㈱　国際輸送課
9875,73775,8315314,0,(3300605)東陽倉庫㈱　国際輸送課
9875,20593,8315324,0,(3300605)東陽倉庫㈱　国際輸送課
9875,67173,8314727,0,(3300605)東陽倉庫㈱　国際輸送課
9875,51716,8314736,0,(3300605)東陽倉庫㈱　国際輸送課
9875,23662,8318515,0,(3300605)東陽倉庫㈱　国際輸送課
9875,19680,8321772,0,(3300605)東陽倉庫㈱　国際輸送課
9875,9087,8320297,0,(3300605)東陽倉庫㈱　国際輸送課
9875,31255,8320666,0,(3300605)東陽倉庫㈱　国際輸送課
9875,10726,8321078,0,(3300605)東陽倉庫㈱　国際輸送課
9875,27840,8323789,0,(3300605)東陽倉庫㈱　国際輸送課
9875,114680,8326540,0,(3300605)東陽倉庫㈱　国際輸送課
9875,87678,8326562,0,(3300605)東陽倉庫㈱　国際輸送課
9875,55822,8326566,0,(3300605)東陽倉庫㈱　国際輸送課
9875,,,,(3300605)東陽倉庫㈱国際輸送課
9875,,,,(3304719)東洋ﾋﾞｭｰﾃｨ㈱(東陽倉庫㈱)
9875,9233,8309174,0,(3501707)日東電工株式会社（日東ﾛｼﾞｺﾑ㈱)
9875,14285,8309179,0,(3501707)日東電工株式会社（日東ﾛｼﾞｺﾑ㈱)
9875,4542,8309180,0,(3501707)日東電工株式会社（日東ﾛｼﾞｺﾑ㈱)
9875,101319,8309218,0,(3501707)日東電工株式会社（日東ﾛｼﾞｺﾑ㈱)
9875,8686,8310259,0,(3501707)日東電工株式会社（日東ﾛｼﾞｺﾑ㈱)
9875,18620,8310260,0,(3501707)日東電工株式会社（日東ﾛｼﾞｺﾑ㈱)
9875,18706,8312808,0,(3501707)日東電工株式会社（日東ﾛｼﾞｺﾑ㈱)
9875,4487,8305625,0,(3501707)日東電工株式会社（日東ﾛｼﾞｺﾑ㈱)
9875,4487,8305626,0,(3501707)日東電工株式会社（日東ﾛｼﾞｺﾑ㈱)
9875,4487,8305627,0,(3501707)日東電工株式会社（日東ﾛｼﾞｺﾑ㈱)
9875,4487,8305628,0,(3501707)日東電工株式会社（日東ﾛｼﾞｺﾑ㈱)
9875,4921,8312837,0,(3501707)日東電工株式会社（日東ﾛｼﾞｺﾑ㈱)
9875,8482,8311653,0,(3501707)日東電工株式会社（日東ﾛｼﾞｺﾑ㈱)
9875,4832,8311654,0,(3501707)日東電工株式会社（日東ﾛｼﾞｺﾑ㈱)
9875,21369,8311055,0,(3501707)日東電工株式会社（日東ﾛｼﾞｺﾑ㈱)
9875,23746,8312920,0,(3501707)日東電工株式会社（日東ﾛｼﾞｺﾑ㈱)
9875,18421,8312922,0,(3501707)日東電工株式会社（日東ﾛｼﾞｺﾑ㈱)
9875,4920,8315539,0,(3501707)日東電工株式会社（日東ﾛｼﾞｺﾑ㈱)
9875,5658,8315211,0,(3501707)日東電工株式会社（日東ﾛｼﾞｺﾑ㈱)
9875,20772,8312972,0,(3501707)日東電工株式会社（日東ﾛｼﾞｺﾑ㈱)
9875,5135,8316249,0,(3501707)日東電工株式会社（日東ﾛｼﾞｺﾑ㈱)
9875,16832,8316250,0,(3501707)日東電工株式会社（日東ﾛｼﾞｺﾑ㈱)
9875,8622,8317442,0,(3501707)日東電工株式会社（日東ﾛｼﾞｺﾑ㈱)
9875,5661,8318215,0,(3501707)日東電工株式会社（日東ﾛｼﾞｺﾑ㈱)
9875,12000,8318216,0,(3501707)日東電工株式会社（日東ﾛｼﾞｺﾑ㈱)
9875,22186,8319051,0,(3501707)日東電工株式会社（日東ﾛｼﾞｺﾑ㈱)
9875,28238,8320992,0,(3501707)日東電工株式会社（日東ﾛｼﾞｺﾑ㈱)
9875,18608,8320926,0,(3501707)日東電工株式会社（日東ﾛｼﾞｺﾑ㈱)
9875,5870,8320927,0,(3501707)日東電工株式会社（日東ﾛｼﾞｺﾑ㈱)
9875,3500,8320646,0,(3501707)日東電工株式会社（日東ﾛｼﾞｺﾑ㈱)
9875,3694,8320306,0,(3501707)日東電工株式会社（日東ﾛｼﾞｺﾑ㈱)
9875,16946,8323103,0,(3501707)日東電工株式会社（日東ﾛｼﾞｺﾑ㈱)
9875,4935,8321067,0,(3501707)日東電工株式会社（日東ﾛｼﾞｺﾑ㈱)
9875,23671,8323782,0,(3501707)日東電工株式会社（日東ﾛｼﾞｺﾑ㈱)
9875,12548,8326383,0,(3501707)日東電工株式会社（日東ﾛｼﾞｺﾑ㈱)
9875,4930,8326384,0,(3501707)日東電工株式会社（日東ﾛｼﾞｺﾑ㈱)
9875,4930,8326385,0,(3501707)日東電工株式会社（日東ﾛｼﾞｺﾑ㈱)
9875,32260,8326055,0,(3501707)日東電工株式会社（日東ﾛｼﾞｺﾑ㈱)
9875,3692,8326062,0,(3501707)日東電工株式会社（日東ﾛｼﾞｺﾑ㈱)
9875,5861,8322842,0,(3501707)日東電工株式会社（日東ﾛｼﾞｺﾑ㈱)
9875,5861,8322843,0,(3501707)日東電工株式会社（日東ﾛｼﾞｺﾑ㈱)
9875,5863,8327297,0,(3501707)日東電工株式会社（日東ﾛｼﾞｺﾑ㈱)
9875,5863,8327298,0,(3501707)日東電工株式会社（日東ﾛｼﾞｺﾑ㈱)
9875,3500,8325827,0,(3501707)日東電工株式会社（日東ﾛｼﾞｺﾑ㈱)
9875,56424,8327850,0,(3501707)日東電工株式会社（日東ﾛｼﾞｺﾑ㈱)
9875,18399,8324099,0,(3501707)日東電工株式会社（日東ﾛｼﾞｺﾑ㈱)
9875,7138,8326564,0,(3501707)日東電工株式会社（日東ﾛｼﾞｺﾑ㈱)
9875,4930,8326565,0,(3501707)日東電工株式会社（日東ﾛｼﾞｺﾑ㈱)
9875,,,,(3502975)日昌株式会社（日東ロジコム㈱）
9875,3692,8326066,0,(3503080)日東ｼﾝｺｰ株式会社(日東ﾛｼﾞｺﾑ)
9875,6183,8326568,0,(3503080)日東ｼﾝｺｰ株式会社(日東ﾛｼﾞｺﾑ)
9875,26088,8326632,0,(3504549)㈱ニトムズ(東陽倉庫株式会社)
9875,,,,(3505346)日東電工㈱(東陽倉庫㈱名古屋)
9875,,,,(3505347)日昌株式会社(東陽倉庫㈱名古屋)
9875,,,,(3505348)日東ｼﾝｺｰ㈱(東陽倉庫㈱名古屋)
9875,,,,(3505351)日東電工BASE MATERIAL(東陽倉庫
9875,,,,(3505351)日東電工CSｼｽﾃﾑ㈱(東陽倉庫㈱)
9875,,,,(3505912)㈱ニトムズ(日東ロジコム㈱大阪)
9875,49011,8283089,274883,(3506139)日本ｱｲﾘｯﾋ株式会社(東陽倉庫)
9875,,,,(3506287)日東電工ﾍﾞｰｽﾏﾃﾘｱﾙ(日東ﾛｼﾞｺﾑ)
9875,,,,(4102153)㈱ﾋﾞｰ・ｸﾘｴｲﾃｨﾌﾞ(東陽倉庫 OS)
9875,,,,(4202886)(有)ﾌｫｾｺ･ｼﾞｬﾊﾟﾝ･ﾘﾐﾃｯﾄﾞ(東陽)
9875,,,,(4601776)株式会社三ツ知
9875,,,,(5300337)ランクセス㈱(東陽倉庫㈱)
9875,16380,8300517,274885,(5300447)RADIANT GLOBAL LOGI(東陽倉庫)
9875,,,,(5300447)RADIANTGLOBALLOGI(東陽倉庫)
11867,,,,(1001482)伊藤忠ﾛｼﾞｽﾃｨｸｽ㈱==============
11867,,,,(1001904)伊藤忠ﾛｼﾞｽﾃｨｸｽ ﾌﾟﾛｼﾞｪｸﾄ課
11867,133783,8326444,0,(1001922)伊藤忠ﾛｼﾞｽﾃｨｸｽ（生活資材課）
11867,,,,(1200074)伊藤忠ﾛｼﾞｽﾃｨｸｽ㈱
11867,,,,(1200105)伊藤忠商事（伊藤忠ﾛｼﾞ）
11867,,,,(1200211)伊藤忠ｹﾐｶﾙﾌﾛﾝﾃｲｱ㈱
11867,,,,(1201023)伊藤忠ｹﾐｶﾙﾌﾛﾝﾃｨｱ（伊藤忠ロジ）
11867,,,,(1201911)伊藤忠商事㈱（伊藤忠ロジN）
11867,,,,(1202814)伊藤忠ﾛｼﾞｽﾃｨｸｽ(衛材機能品物流
11867,,,,(1203137)伊藤忠商事㈱(伊藤忠ﾛｼﾞｽﾃｨｸｽ
11867,,,,(1203326)伊藤忠ﾛｼﾞｽﾃｨｸｽ(生活資材課）
11867,,,,(1403479)ｴﾑｼｨｰ株式会社(伊藤忠ﾛｼﾞ)
11867,,,,(2102808)THE LAOBAN CO LTD（伊藤忠ロジ）
11867,,,,(2306524)清水化学㈱(伊藤忠ロジ）
11867,,,,(2501214)住友精化ｹﾐｶﾙ（伊藤忠ロジ）
11867,,,,(2501997)住友精化株式会社
11867,,,,(2601257)ゼンノ株式会社(伊藤忠ロジ㈱)
11867,93786,8323643,0,(3505479)ﾆｯｼﾝﾄｰｱ岩尾㈱(伊藤忠ﾛｼﾞ㈱）
11867,,,,(3505709)西野金陵㈱(伊藤忠ﾛｼﾞｽﾃｨｸｽ）
11867,,,,(3506098)西野金陵株式会社(伊藤忠ロジ)
11867,,,,(4200470)福助機工（伊藤忠ロジスティクス）
11867,11867,8326005,0,(4203153)福助工業株式会社(伊藤忠ﾛｼﾞ)
11867,,,,(4204305)福助工業株式会社（伊藤忠ﾛｼﾞ）
11867,49103,8326460,0,(4400896)ﾎﾞｽﾃｨｯｸ･ﾆｯﾀ㈱(伊藤忠ﾛｼﾞｽﾃｨｸｽ
11867,2900,8327582,0,(4400896)ﾎﾞｽﾃｨｯｸ･ﾆｯﾀ㈱(伊藤忠ﾛｼﾞｽﾃｨｸｽ
11867,,,,(5100818)ユニチャーム（伊藤忠ロジ）
11867,,,,(5300465)THE LAOBAN CO LTD(伊藤忠ﾛｼﾞ）
12980,12980,8326239,0,(2800604)大洋　株式会社
12980,,,,(2800604)大洋株式会社
14728,,,,(1200603)岩谷物流㈱（大阪）
14728,,,,(1500279)オリエント化学工業株式会社
14728,25200,8282666,274377,(1702021)旭化成アドバンス㈱(福田様）
14728,35200,8282667,274377,(1702021)旭化成アドバンス㈱(福田様）
14728,35200,8288982,274377,(1702021)旭化成アドバンス㈱(福田様）
14728,45400,8288983,274377,(1702021)旭化成アドバンス㈱(福田様）
14728,3300,8291406,274377,(1702021)旭化成アドバンス㈱(福田様）
14728,318604,8288969,274377,(1702021)旭化成アドバンス㈱(福田様）
14728,85209,8293920,274377,(1702021)旭化成アドバンス㈱(福田様）
14728,45400,8294113,274377,(1702021)旭化成アドバンス㈱(福田様）
14728,35200,8294115,274377,(1702021)旭化成アドバンス㈱(福田様）
14728,35200,8294116,274377,(1702021)旭化成アドバンス㈱(福田様）
14728,35200,8294117,274377,(1702021)旭化成アドバンス㈱(福田様）
14728,115072,8297017,274377,(1702021)旭化成アドバンス㈱(福田様）
14728,218388,8300995,274377,(1702021)旭化成アドバンス㈱(福田様）
14728,84462,8299666,274377,(1702021)旭化成アドバンス㈱(福田様）
14728,25200,8299733,274377,(1702021)旭化成アドバンス㈱(福田様）
14728,35200,8299734,274377,(1702021)旭化成アドバンス㈱(福田様）
14728,35400,8305131,274377,(1702021)旭化成アドバンス㈱(福田様）
14728,35200,8305132,274377,(1702021)旭化成アドバンス㈱(福田様）
14728,35200,8305133,274377,(1702021)旭化成アドバンス㈱(福田様）
14728,101271,8307933,274377,(1702021)旭化成アドバンス㈱(福田様）
14728,35200,8310761,0,(1702021)旭化成アドバンス㈱(福田様）
14728,45400,8310764,0,(1702021)旭化成アドバンス㈱(福田様）
14728,35200,8310765,0,(1702021)旭化成アドバンス㈱(福田様）
14728,218412,8311970,0,(1702021)旭化成アドバンス㈱(福田様）
14728,35200,8314200,0,(1702021)旭化成アドバンス㈱(福田様）
14728,221172,8318316,0,(1702021)旭化成アドバンス㈱(福田様）
14728,35200,8318597,0,(1702021)旭化成アドバンス㈱(福田様）
14728,35200,8318598,0,(1702021)旭化成アドバンス㈱(福田様）
14728,35200,8318599,0,(1702021)旭化成アドバンス㈱(福田様）
14728,35200,8318600,0,(1702021)旭化成アドバンス㈱(福田様）
14728,30200,8325379,0,(1702021)旭化成アドバンス㈱(福田様）
14728,35200,8324280,0,(1702021)旭化成アドバンス㈱(福田様）
14728,35200,8324281,0,(1702021)旭化成アドバンス㈱(福田様）
14728,20797,8326118,0,(1702021)旭化成アドバンス㈱(福田様）
14728,14728,8326121,0,(1702021)旭化成アドバンス㈱(福田様）
15210,,,,(1000446)㈱ｱﾙﾌｧ ｴﾝﾀﾌﾟﾗｲｽﾞ
15210,,,,(1000446)㈱ｱﾙﾌｧｴﾝﾀﾌﾟﾗｲｽﾞ
15210,,,,(1602847)株式会社カイタックトレーディング
15210,,,,(3202111)㈱ＴＫＸ(日新運輸大阪）
15210,56777,8324037,0,(3300796)東レｲﾝﾀｰﾅｼｮﾅﾙ㈱:通常船積分
15210,-56777,8325560,0,(3300796)東レｲﾝﾀｰﾅｼｮﾅﾙ㈱:通常船積分
15210,25017,8325561,0,(3300796)東レｲﾝﾀｰﾅｼｮﾅﾙ㈱:通常船積分
15210,-25017,8326980,0,(3300796)東レｲﾝﾀｰﾅｼｮﾅﾙ㈱:通常船積分
15210,21717,8326981,0,(3300796)東レｲﾝﾀｰﾅｼｮﾅﾙ㈱:通常船積分
15210,5500,8326979,0,(3300796)東レｲﾝﾀｰﾅｼｮﾅﾙ㈱:通常船積分
15210,15024,8326639,0,(3300796)東レｲﾝﾀｰﾅｼｮﾅﾙ㈱:通常船積分
15210,9931,8324442,0,(3300796)東レｲﾝﾀｰﾅｼｮﾅﾙ㈱:通常船積分
15210,7211,8323907,0,(3300796)東レｲﾝﾀｰﾅｼｮﾅﾙ㈱:通常船積分
15210,7211,8323908,0,(3300796)東レｲﾝﾀｰﾅｼｮﾅﾙ㈱:通常船積分
15210,14251,8325398,0,(3303922)東レｲﾝﾀｰﾅｼｮﾅﾙ㈱:倉庫直搬分
15210,14776,8325399,0,(3303922)東レｲﾝﾀｰﾅｼｮﾅﾙ㈱:倉庫直搬分
15210,18277,8325401,0,(3303922)東レｲﾝﾀｰﾅｼｮﾅﾙ㈱:倉庫直搬分
15210,13902,8325402,0,(3303922)東レｲﾝﾀｰﾅｼｮﾅﾙ㈱:倉庫直搬分
15210,7649,8325403,0,(3303922)東レｲﾝﾀｰﾅｼｮﾅﾙ㈱:倉庫直搬分
15210,5204,8325404,0,(3303922)東レｲﾝﾀｰﾅｼｮﾅﾙ㈱:倉庫直搬分
15210,16459,8326250,0,(3303922)東レｲﾝﾀｰﾅｼｮﾅﾙ㈱:倉庫直搬分
15210,53771,8325397,0,(3303922)東レｲﾝﾀｰﾅｼｮﾅﾙ㈱:倉庫直搬分
15210,14060,8327613,0,(3303922)東レｲﾝﾀｰﾅｼｮﾅﾙ㈱:倉庫直搬分
15210,58620,8327707,0,(3303922)東レｲﾝﾀｰﾅｼｮﾅﾙ㈱:倉庫直搬分
15210,-58620,8328007,0,(3303922)東レｲﾝﾀｰﾅｼｮﾅﾙ㈱:倉庫直搬分
15210,46520,8328008,0,(3303922)東レｲﾝﾀｰﾅｼｮﾅﾙ㈱:倉庫直搬分
15210,-46520,8328093,0,(3303922)東レｲﾝﾀｰﾅｼｮﾅﾙ㈱:倉庫直搬分
15210,104172,8328094,0,(3303922)東レｲﾝﾀｰﾅｼｮﾅﾙ㈱:倉庫直搬分
15210,21593,8327717,0,(3303922)東レｲﾝﾀｰﾅｼｮﾅﾙ㈱:倉庫直搬分
15210,1909,8327721,0,(3303922)東レｲﾝﾀｰﾅｼｮﾅﾙ㈱:倉庫直搬分
15210,-1909,8328012,0,(3303922)東レｲﾝﾀｰﾅｼｮﾅﾙ㈱:倉庫直搬分
15210,14009,8328013,0,(3303922)東レｲﾝﾀｰﾅｼｮﾅﾙ㈱:倉庫直搬分
15210,47020,8326209,0,(3303922)東レｲﾝﾀｰﾅｼｮﾅﾙ㈱:倉庫直搬分
15210,49803,8326669,0,(3303922)東レｲﾝﾀｰﾅｼｮﾅﾙ㈱:倉庫直搬分
15210,15210,8326024,0,(3303922)東レｲﾝﾀｰﾅｼｮﾅﾙ㈱:倉庫直搬分
15210,206869,8327322,0,(3303922)東レｲﾝﾀｰﾅｼｮﾅﾙ㈱:倉庫直搬分
15210,72953,8327386,0,(3303922)東レｲﾝﾀｰﾅｼｮﾅﾙ㈱:倉庫直搬分
15210,15897,8327793,0,(3303922)東レｲﾝﾀｰﾅｼｮﾅﾙ㈱:倉庫直搬分
15210,41759,8326016,0,(3305360)東レｲﾝﾀｰﾅｼｮﾅﾙ㈱(日新運輸)
15210,,,,(3500049)日新運輸　株式会社
15210,,,,(3500098)日新運輸　株式会社
15210,8701,8286316,274292,(3501062)日新運輸㈱国際輸送課（旧ﾆｯｼﾝﾄﾗﾝｽ
15210,8462,8286043,274292,(3501062)日新運輸㈱国際輸送課（旧ﾆｯｼﾝﾄﾗﾝｽ
15210,6581,8287622,274292,(3501062)日新運輸㈱国際輸送課（旧ﾆｯｼﾝﾄﾗﾝｽ
15210,64945,8289366,274292,(3501062)日新運輸㈱国際輸送課（旧ﾆｯｼﾝﾄﾗﾝｽ
15210,19216,8290611,274292,(3501062)日新運輸㈱国際輸送課（旧ﾆｯｼﾝﾄﾗﾝｽ
15210,10093,8290294,274292,(3501062)日新運輸㈱国際輸送課（旧ﾆｯｼﾝﾄﾗﾝｽ
15210,11209,8292489,274292,(3501062)日新運輸㈱国際輸送課（旧ﾆｯｼﾝﾄﾗﾝｽ
15210,6072,8291524,274292,(3501062)日新運輸㈱国際輸送課（旧ﾆｯｼﾝﾄﾗﾝｽ
15210,110104,8289334,274292,(3501062)日新運輸㈱国際輸送課（旧ﾆｯｼﾝﾄﾗﾝｽ
15210,13032,8291946,274292,(3501062)日新運輸㈱国際輸送課（旧ﾆｯｼﾝﾄﾗﾝｽ
15210,24392,8296411,274292,(3501062)日新運輸㈱国際輸送課（旧ﾆｯｼﾝﾄﾗﾝｽ
15210,7592,8295717,274292,(3501062)日新運輸㈱国際輸送課（旧ﾆｯｼﾝﾄﾗﾝｽ
15210,13953,8292894,274292,(3501062)日新運輸㈱国際輸送課（旧ﾆｯｼﾝﾄﾗﾝｽ
15210,10152,8291576,274292,(3501062)日新運輸㈱国際輸送課（旧ﾆｯｼﾝﾄﾗﾝｽ
15210,34221,8295973,274292,(3501062)日新運輸㈱国際輸送課（旧ﾆｯｼﾝﾄﾗﾝｽ
15210,170469,8297413,274292,(3501062)日新運輸㈱国際輸送課（旧ﾆｯｼﾝﾄﾗﾝｽ
15210,20029,8297501,274292,(3501062)日新運輸㈱国際輸送課（旧ﾆｯｼﾝﾄﾗﾝｽ
15210,9732,8290248,274292,(3501062)日新運輸㈱国際輸送課（旧ﾆｯｼﾝﾄﾗﾝｽ
15210,3300,8302509,274292,(3501062)日新運輸㈱国際輸送課（旧ﾆｯｼﾝﾄﾗﾝｽ
15210,27548,8293492,274292,(3501062)日新運輸㈱国際輸送課（旧ﾆｯｼﾝﾄﾗﾝｽ
15210,8262,8293502,274292,(3501062)日新運輸㈱国際輸送課（旧ﾆｯｼﾝﾄﾗﾝｽ
15210,52560,8290777,274292,(3501062)日新運輸㈱国際輸送課（旧ﾆｯｼﾝﾄﾗﾝｽ
15210,9127,8297252,274292,(3501062)日新運輸㈱国際輸送課（旧ﾆｯｼﾝﾄﾗﾝｽ
15210,32779,8301735,274292,(3501062)日新運輸㈱国際輸送課（旧ﾆｯｼﾝﾄﾗﾝｽ
15210,15358,8301669,274292,(3501062)日新運輸㈱国際輸送課（旧ﾆｯｼﾝﾄﾗﾝｽ
15210,45112,8299375,274292,(3501062)日新運輸㈱国際輸送課（旧ﾆｯｼﾝﾄﾗﾝｽ
15210,18159,8301527,274292,(3501062)日新運輸㈱国際輸送課（旧ﾆｯｼﾝﾄﾗﾝｽ
15210,11868,8301529,274292,(3501062)日新運輸㈱国際輸送課（旧ﾆｯｼﾝﾄﾗﾝｽ
15210,87383,8300245,274292,(3501062)日新運輸㈱国際輸送課（旧ﾆｯｼﾝﾄﾗﾝｽ
15210,-87383,8311034,274292,(3501062)日新運輸㈱国際輸送課（旧ﾆｯｼﾝﾄﾗﾝｽ
15210,79482,8311035,274292,(3501062)日新運輸㈱国際輸送課（旧ﾆｯｼﾝﾄﾗﾝｽ
15210,4608,8303641,274292,(3501062)日新運輸㈱国際輸送課（旧ﾆｯｼﾝﾄﾗﾝｽ
15210,6565,8302889,274292,(3501062)日新運輸㈱国際輸送課（旧ﾆｯｼﾝﾄﾗﾝｽ
15210,37715,8299422,274292,(3501062)日新運輸㈱国際輸送課（旧ﾆｯｼﾝﾄﾗﾝｽ
15210,19883,8301395,274292,(3501062)日新運輸㈱国際輸送課（旧ﾆｯｼﾝﾄﾗﾝｽ
15210,12100,8304707,274292,(3501062)日新運輸㈱国際輸送課（旧ﾆｯｼﾝﾄﾗﾝｽ
15210,62494,8310160,274292,(3501062)日新運輸㈱国際輸送課（旧ﾆｯｼﾝﾄﾗﾝｽ
15210,52302,8296304,274292,(3501062)日新運輸㈱国際輸送課（旧ﾆｯｼﾝﾄﾗﾝｽ
15210,52302,8296305,274292,(3501062)日新運輸㈱国際輸送課（旧ﾆｯｼﾝﾄﾗﾝｽ
15210,15229,8307050,274292,(3501062)日新運輸㈱国際輸送課（旧ﾆｯｼﾝﾄﾗﾝｽ
15210,18569,8307151,274292,(3501062)日新運輸㈱国際輸送課（旧ﾆｯｼﾝﾄﾗﾝｽ
15210,7551,8306591,274292,(3501062)日新運輸㈱国際輸送課（旧ﾆｯｼﾝﾄﾗﾝｽ
15210,12177,8303946,274292,(3501062)日新運輸㈱国際輸送課（旧ﾆｯｼﾝﾄﾗﾝｽ
15210,66972,8305997,274292,(3501062)日新運輸㈱国際輸送課（旧ﾆｯｼﾝﾄﾗﾝｽ
15210,26548,8306011,274292,(3501062)日新運輸㈱国際輸送課（旧ﾆｯｼﾝﾄﾗﾝｽ
15210,8826,8309273,274292,(3501062)日新運輸㈱国際輸送課（旧ﾆｯｼﾝﾄﾗﾝｽ
15210,7945,8308582,274292,(3501062)日新運輸㈱国際輸送課（旧ﾆｯｼﾝﾄﾗﾝｽ
15210,13924,8301451,274292,(3501062)日新運輸㈱国際輸送課（旧ﾆｯｼﾝﾄﾗﾝｽ
15210,13759,8310220,0,(3501062)日新運輸㈱国際輸送課（旧ﾆｯｼﾝﾄﾗﾝｽ
15210,54024,8309691,0,(3501062)日新運輸㈱国際輸送課（旧ﾆｯｼﾝﾄﾗﾝｽ
15210,20255,8311537,0,(3501062)日新運輸㈱国際輸送課（旧ﾆｯｼﾝﾄﾗﾝｽ
15210,12313,8311300,0,(3501062)日新運輸㈱国際輸送課（旧ﾆｯｼﾝﾄﾗﾝｽ
15210,19092,8311345,0,(3501062)日新運輸㈱国際輸送課（旧ﾆｯｼﾝﾄﾗﾝｽ
15210,20146,8312304,0,(3501062)日新運輸㈱国際輸送課（旧ﾆｯｼﾝﾄﾗﾝｽ
15210,38217,8311428,0,(3501062)日新運輸㈱国際輸送課（旧ﾆｯｼﾝﾄﾗﾝｽ
15210,12286,8312391,0,(3501062)日新運輸㈱国際輸送課（旧ﾆｯｼﾝﾄﾗﾝｽ
15210,8100,8312707,0,(3501062)日新運輸㈱国際輸送課（旧ﾆｯｼﾝﾄﾗﾝｽ
15210,6228,8312411,0,(3501062)日新運輸㈱国際輸送課（旧ﾆｯｼﾝﾄﾗﾝｽ
15210,4519,8313122,0,(3501062)日新運輸㈱国際輸送課（旧ﾆｯｼﾝﾄﾗﾝｽ
15210,34073,8315445,0,(3501062)日新運輸㈱国際輸送課（旧ﾆｯｼﾝﾄﾗﾝｽ
15210,51353,8310049,0,(3501062)日新運輸㈱国際輸送課（旧ﾆｯｼﾝﾄﾗﾝｽ
15210,51353,8310050,0,(3501062)日新運輸㈱国際輸送課（旧ﾆｯｼﾝﾄﾗﾝｽ
15210,37408,8318944,0,(3501062)日新運輸㈱国際輸送課（旧ﾆｯｼﾝﾄﾗﾝｽ
15210,16346,8319696,0,(3501062)日新運輸㈱国際輸送課（旧ﾆｯｼﾝﾄﾗﾝｽ
15210,30562,8319181,0,(3501062)日新運輸㈱国際輸送課（旧ﾆｯｼﾝﾄﾗﾝｽ
15210,9650,8320774,0,(3501062)日新運輸㈱国際輸送課（旧ﾆｯｼﾝﾄﾗﾝｽ
15210,15349,8317169,0,(3501062)日新運輸㈱国際輸送課（旧ﾆｯｼﾝﾄﾗﾝｽ
15210,38616,8319380,0,(3501062)日新運輸㈱国際輸送課（旧ﾆｯｼﾝﾄﾗﾝｽ
15210,35378,8320201,0,(3501062)日新運輸㈱国際輸送課（旧ﾆｯｼﾝﾄﾗﾝｽ
15210,17708,8321975,0,(3501062)日新運輸㈱国際輸送課（旧ﾆｯｼﾝﾄﾗﾝｽ
15210,13284,8323020,0,(3501062)日新運輸㈱国際輸送課（旧ﾆｯｼﾝﾄﾗﾝｽ
15210,6154,8323237,0,(3501062)日新運輸㈱国際輸送課（旧ﾆｯｼﾝﾄﾗﾝｽ
15210,69442,8321156,0,(3501062)日新運輸㈱国際輸送課（旧ﾆｯｼﾝﾄﾗﾝｽ
15210,6482,8321944,0,(3501062)日新運輸㈱国際輸送課（旧ﾆｯｼﾝﾄﾗﾝｽ
15210,20255,8325021,0,(3501062)日新運輸㈱国際輸送課（旧ﾆｯｼﾝﾄﾗﾝｽ
15210,21211,8327840,0,(3501062)日新運輸㈱国際輸送課（旧ﾆｯｼﾝﾄﾗﾝｽ
15210,14036,8323807,0,(3501062)日新運輸㈱国際輸送課（旧ﾆｯｼﾝﾄﾗﾝｽ
15210,33224,8326634,0,(3501062)日新運輸㈱国際輸送課（旧ﾆｯｼﾝﾄﾗﾝｽ
15210,51350,8315374,0,(3501062)日新運輸㈱国際輸送課（旧ﾆｯｼﾝﾄﾗﾝｽ
15210,20116,8325954,0,(3501062)日新運輸㈱国際輸送課（旧ﾆｯｼﾝﾄﾗﾝｽ
15210,6228,8327246,0,(3501062)日新運輸㈱国際輸送課（旧ﾆｯｼﾝﾄﾗﾝｽ
15210,426146,8327800,0,(3501062)日新運輸㈱国際輸送課（旧ﾆｯｼﾝﾄﾗﾝｽ
15210,22628,8324645,0,(3501062)日新運輸㈱国際輸送課（旧ﾆｯｼﾝﾄﾗﾝｽ
15210,579514,8281963,273840,(3506082)日新運輸株式会社（佐藤商事）
15210,117447,8289043,273840,(3506082)日新運輸株式会社（佐藤商事）
15210,172521,8299007,273840,(3506082)日新運輸株式会社（佐藤商事）
15210,128381,8298619,273840,(3506082)日新運輸株式会社（佐藤商事）
15210,943915,8299689,273840,(3506082)日新運輸株式会社（佐藤商事）
15210,59314,8318552,0,(3506082)日新運輸株式会社（佐藤商事）
15210,572904,8317803,0,(3506082)日新運輸株式会社（佐藤商事）
15210,49324,8324954,0,(3506082)日新運輸株式会社（佐藤商事）
15210,781296,8324232,0,(3506082)日新運輸株式会社（佐藤商事）
15210,17300,8282437,274293,(3506304)日新運輸株式会社(ﾋﾟｯｸｱｯﾌﾟｻｰﾋﾞｽ)
15210,53184,8282438,274293,(3506304)日新運輸株式会社(ﾋﾟｯｸｱｯﾌﾟｻｰﾋﾞｽ)
15210,27658,8282440,274293,(3506304)日新運輸株式会社(ﾋﾟｯｸｱｯﾌﾟｻｰﾋﾞｽ)
15210,8982,8282441,274293,(3506304)日新運輸株式会社(ﾋﾟｯｸｱｯﾌﾟｻｰﾋﾞｽ)
15210,44535,8282444,274293,(3506304)日新運輸株式会社(ﾋﾟｯｸｱｯﾌﾟｻｰﾋﾞｽ)
15210,41346,8282452,274293,(3506304)日新運輸株式会社(ﾋﾟｯｸｱｯﾌﾟｻｰﾋﾞｽ)
15210,126243,8276385,274293,(3506304)日新運輸株式会社(ﾋﾟｯｸｱｯﾌﾟｻｰﾋﾞｽ)
15210,7897,8287304,274293,(3506304)日新運輸株式会社(ﾋﾟｯｸｱｯﾌﾟｻｰﾋﾞｽ)
15210,21402,8287305,274293,(3506304)日新運輸株式会社(ﾋﾟｯｸｱｯﾌﾟｻｰﾋﾞｽ)
15210,15199,8287316,274293,(3506304)日新運輸株式会社(ﾋﾟｯｸｱｯﾌﾟｻｰﾋﾞｽ)
15210,4100,8287321,274293,(3506304)日新運輸株式会社(ﾋﾟｯｸｱｯﾌﾟｻｰﾋﾞｽ)
15210,43228,8292524,274293,(3506304)日新運輸株式会社(ﾋﾟｯｸｱｯﾌﾟｻｰﾋﾞｽ)
15210,27928,8288283,274293,(3506304)日新運輸株式会社(ﾋﾟｯｸｱｯﾌﾟｻｰﾋﾞｽ)
15210,11213,8284887,274293,(3506304)日新運輸株式会社(ﾋﾟｯｸｱｯﾌﾟｻｰﾋﾞｽ)
15210,8997,8284598,274293,(3506304)日新運輸株式会社(ﾋﾟｯｸｱｯﾌﾟｻｰﾋﾞｽ)
15210,8997,8284603,274293,(3506304)日新運輸株式会社(ﾋﾟｯｸｱｯﾌﾟｻｰﾋﾞｽ)
15210,18000,8291797,274293,(3506304)日新運輸株式会社(ﾋﾟｯｸｱｯﾌﾟｻｰﾋﾞｽ)
15210,22911,8291798,274293,(3506304)日新運輸株式会社(ﾋﾟｯｸｱｯﾌﾟｻｰﾋﾞｽ)
15210,6671,8291584,274293,(3506304)日新運輸株式会社(ﾋﾟｯｸｱｯﾌﾟｻｰﾋﾞｽ)
15210,104781,8287447,274293,(3506304)日新運輸株式会社(ﾋﾟｯｸｱｯﾌﾟｻｰﾋﾞｽ)
15210,20342,8293168,274293,(3506304)日新運輸株式会社(ﾋﾟｯｸｱｯﾌﾟｻｰﾋﾞｽ)
15210,8984,8293198,274293,(3506304)日新運輸株式会社(ﾋﾟｯｸｱｯﾌﾟｻｰﾋﾞｽ)
15210,17184,8293750,274293,(3506304)日新運輸株式会社(ﾋﾟｯｸｱｯﾌﾟｻｰﾋﾞｽ)
15210,18471,8293675,274293,(3506304)日新運輸株式会社(ﾋﾟｯｸｱｯﾌﾟｻｰﾋﾞｽ)
15210,8580,8301220,274293,(3506304)日新運輸株式会社(ﾋﾟｯｸｱｯﾌﾟｻｰﾋﾞｽ)
15210,10396,8295983,274293,(3506304)日新運輸株式会社(ﾋﾟｯｸｱｯﾌﾟｻｰﾋﾞｽ)
15210,3300,8301118,274293,(3506304)日新運輸株式会社(ﾋﾟｯｸｱｯﾌﾟｻｰﾋﾞｽ)
15210,8984,8290478,274293,(3506304)日新運輸株式会社(ﾋﾟｯｸｱｯﾌﾟｻｰﾋﾞｽ)
15210,5404,8298301,274293,(3506304)日新運輸株式会社(ﾋﾟｯｸｱｯﾌﾟｻｰﾋﾞｽ)
15210,5990,8297160,274293,(3506304)日新運輸株式会社(ﾋﾟｯｸｱｯﾌﾟｻｰﾋﾞｽ)
15210,50043,8298656,274293,(3506304)日新運輸株式会社(ﾋﾟｯｸｱｯﾌﾟｻｰﾋﾞｽ)
15210,46097,8298666,274293,(3506304)日新運輸株式会社(ﾋﾟｯｸｱｯﾌﾟｻｰﾋﾞｽ)
15210,52931,8297239,274293,(3506304)日新運輸株式会社(ﾋﾟｯｸｱｯﾌﾟｻｰﾋﾞｽ)
15210,42981,8292447,274293,(3506304)日新運輸株式会社(ﾋﾟｯｸｱｯﾌﾟｻｰﾋﾞｽ)
15210,65906,8299332,274293,(3506304)日新運輸株式会社(ﾋﾟｯｸｱｯﾌﾟｻｰﾋﾞｽ)
15210,31063,8299333,274293,(3506304)日新運輸株式会社(ﾋﾟｯｸｱｯﾌﾟｻｰﾋﾞｽ)
15210,25039,8292667,274293,(3506304)日新運輸株式会社(ﾋﾟｯｸｱｯﾌﾟｻｰﾋﾞｽ)
15210,12100,8299387,274293,(3506304)日新運輸株式会社(ﾋﾟｯｸｱｯﾌﾟｻｰﾋﾞｽ)
15210,4809,8303634,274293,(3506304)日新運輸株式会社(ﾋﾟｯｸｱｯﾌﾟｻｰﾋﾞｽ)
15210,4100,8303639,274293,(3506304)日新運輸株式会社(ﾋﾟｯｸｱｯﾌﾟｻｰﾋﾞｽ)
15210,4100,8303640,274293,(3506304)日新運輸株式会社(ﾋﾟｯｸｱｯﾌﾟｻｰﾋﾞｽ)
15210,4100,8303642,274293,(3506304)日新運輸株式会社(ﾋﾟｯｸｱｯﾌﾟｻｰﾋﾞｽ)
15210,9319,8303653,274293,(3506304)日新運輸株式会社(ﾋﾟｯｸｱｯﾌﾟｻｰﾋﾞｽ)
15210,8862,8304149,274293,(3506304)日新運輸株式会社(ﾋﾟｯｸｱｯﾌﾟｻｰﾋﾞｽ)
15210,29707,8304166,274293,(3506304)日新運輸株式会社(ﾋﾟｯｸｱｯﾌﾟｻｰﾋﾞｽ)
15210,8862,8304167,274293,(3506304)日新運輸株式会社(ﾋﾟｯｸｱｯﾌﾟｻｰﾋﾞｽ)
15210,29731,8304754,274293,(3506304)日新運輸株式会社(ﾋﾟｯｸｱｯﾌﾟｻｰﾋﾞｽ)
15210,90806,8304757,274293,(3506304)日新運輸株式会社(ﾋﾟｯｸｱｯﾌﾟｻｰﾋﾞｽ)
15210,8854,8304758,274293,(3506304)日新運輸株式会社(ﾋﾟｯｸｱｯﾌﾟｻｰﾋﾞｽ)
15210,18832,8304700,274293,(3506304)日新運輸株式会社(ﾋﾟｯｸｱｯﾌﾟｻｰﾋﾞｽ)
15210,12100,8304712,274293,(3506304)日新運輸株式会社(ﾋﾟｯｸｱｯﾌﾟｻｰﾋﾞｽ)
15210,7551,8307404,274293,(3506304)日新運輸株式会社(ﾋﾟｯｸｱｯﾌﾟｻｰﾋﾞｽ)
15210,8827,8309326,0,(3506304)日新運輸株式会社(ﾋﾟｯｸｱｯﾌﾟｻｰﾋﾞｽ)
15210,8827,8309329,0,(3506304)日新運輸株式会社(ﾋﾟｯｸｱｯﾌﾟｻｰﾋﾞｽ)
15210,41443,8310212,0,(3506304)日新運輸株式会社(ﾋﾟｯｸｱｯﾌﾟｻｰﾋﾞｽ)
15210,22760,8310288,0,(3506304)日新運輸株式会社(ﾋﾟｯｸｱｯﾌﾟｻｰﾋﾞｽ)
15210,4100,8308758,0,(3506304)日新運輸株式会社(ﾋﾟｯｸｱｯﾌﾟｻｰﾋﾞｽ)
15210,34095,8303936,0,(3506304)日新運輸株式会社(ﾋﾟｯｸｱｯﾌﾟｻｰﾋﾞｽ)
15210,18000,8307477,0,(3506304)日新運輸株式会社(ﾋﾟｯｸｱｯﾌﾟｻｰﾋﾞｽ)
15210,18000,8307478,0,(3506304)日新運輸株式会社(ﾋﾟｯｸｱｯﾌﾟｻｰﾋﾞｽ)
15210,24272,8308744,0,(3506304)日新運輸株式会社(ﾋﾟｯｸｱｯﾌﾟｻｰﾋﾞｽ)
15210,4100,8312487,0,(3506304)日新運輸株式会社(ﾋﾟｯｸｱｯﾌﾟｻｰﾋﾞｽ)
15210,4100,8313078,0,(3506304)日新運輸株式会社(ﾋﾟｯｸｱｯﾌﾟｻｰﾋﾞｽ)
15210,4596,8313081,0,(3506304)日新運輸株式会社(ﾋﾟｯｸｱｯﾌﾟｻｰﾋﾞｽ)
15210,8585,8313082,0,(3506304)日新運輸株式会社(ﾋﾟｯｸｱｯﾌﾟｻｰﾋﾞｽ)
15210,21619,8313088,0,(3506304)日新運輸株式会社(ﾋﾟｯｸｱｯﾌﾟｻｰﾋﾞｽ)
15210,64085,8313887,0,(3506304)日新運輸株式会社(ﾋﾟｯｸｱｯﾌﾟｻｰﾋﾞｽ)
15210,8144,8315452,0,(3506304)日新運輸株式会社(ﾋﾟｯｸｱｯﾌﾟｻｰﾋﾞｽ)
15210,13091,8313985,0,(3506304)日新運輸株式会社(ﾋﾟｯｸｱｯﾌﾟｻｰﾋﾞｽ)
15210,17006,8308811,0,(3506304)日新運輸株式会社(ﾋﾟｯｸｱｯﾌﾟｻｰﾋﾞｽ)
15210,6654,8320225,0,(3506304)日新運輸株式会社(ﾋﾟｯｸｱｯﾌﾟｻｰﾋﾞｽ)
15210,4100,8317297,0,(3506304)日新運輸株式会社(ﾋﾟｯｸｱｯﾌﾟｻｰﾋﾞｽ)
15210,4100,8317300,0,(3506304)日新運輸株式会社(ﾋﾟｯｸｱｯﾌﾟｻｰﾋﾞｽ)
15210,4100,8317302,0,(3506304)日新運輸株式会社(ﾋﾟｯｸｱｯﾌﾟｻｰﾋﾞｽ)
15210,39422,8318151,0,(3506304)日新運輸株式会社(ﾋﾟｯｸｱｯﾌﾟｻｰﾋﾞｽ)
15210,12301,8318161,0,(3506304)日新運輸株式会社(ﾋﾟｯｸｱｯﾌﾟｻｰﾋﾞｽ)
15210,22051,8318194,0,(3506304)日新運輸株式会社(ﾋﾟｯｸｱｯﾌﾟｻｰﾋﾞｽ)
15210,55352,8316276,0,(3506304)日新運輸株式会社(ﾋﾟｯｸｱｯﾌﾟｻｰﾋﾞｽ)
15210,18000,8316277,0,(3506304)日新運輸株式会社(ﾋﾟｯｸｱｯﾌﾟｻｰﾋﾞｽ)
15210,8916,8320950,0,(3506304)日新運輸株式会社(ﾋﾟｯｸｱｯﾌﾟｻｰﾋﾞｽ)
15210,52640,8320953,0,(3506304)日新運輸株式会社(ﾋﾟｯｸｱｯﾌﾟｻｰﾋﾞｽ)
15210,88446,8320960,0,(3506304)日新運輸株式会社(ﾋﾟｯｸｱｯﾌﾟｻｰﾋﾞｽ)
15210,115129,8317422,0,(3506304)日新運輸株式会社(ﾋﾟｯｸｱｯﾌﾟｻｰﾋﾞｽ)
15210,46504,8322954,0,(3506304)日新運輸株式会社(ﾋﾟｯｸｱｯﾌﾟｻｰﾋﾞｽ)
15210,14112,8323004,0,(3506304)日新運輸株式会社(ﾋﾟｯｸｱｯﾌﾟｻｰﾋﾞｽ)
15210,4100,8323005,0,(3506304)日新運輸株式会社(ﾋﾟｯｸｱｯﾌﾟｻｰﾋﾞｽ)
15210,4100,8323006,0,(3506304)日新運輸株式会社(ﾋﾟｯｸｱｯﾌﾟｻｰﾋﾞｽ)
15210,5916,8323007,0,(3506304)日新運輸株式会社(ﾋﾟｯｸｱｯﾌﾟｻｰﾋﾞｽ)
15210,18167,8323008,0,(3506304)日新運輸株式会社(ﾋﾟｯｸｱｯﾌﾟｻｰﾋﾞｽ)
15210,7458,8323012,0,(3506304)日新運輸株式会社(ﾋﾟｯｸｱｯﾌﾟｻｰﾋﾞｽ)
15210,15072,8323025,0,(3506304)日新運輸株式会社(ﾋﾟｯｸｱｯﾌﾟｻｰﾋﾞｽ)
15210,18000,8322135,0,(3506304)日新運輸株式会社(ﾋﾟｯｸｱｯﾌﾟｻｰﾋﾞｽ)
15210,15981,8323867,0,(3506304)日新運輸株式会社(ﾋﾟｯｸｱｯﾌﾟｻｰﾋﾞｽ)
15210,22621,8323868,0,(3506304)日新運輸株式会社(ﾋﾟｯｸｱｯﾌﾟｻｰﾋﾞｽ)
15210,31391,8323869,0,(3506304)日新運輸株式会社(ﾋﾟｯｸｱｯﾌﾟｻｰﾋﾞｽ)
15210,33240,8323874,0,(3506304)日新運輸株式会社(ﾋﾟｯｸｱｯﾌﾟｻｰﾋﾞｽ)
15210,64471,8327388,0,(3506304)日新運輸株式会社(ﾋﾟｯｸｱｯﾌﾟｻｰﾋﾞｽ)
15210,,,,(4000663)日立ｵｰﾄﾓﾃｨﾌﾞｼｽﾃﾑｽﾞ阪神㈱
15210,,,,(4503123)丸眞株式会社
20325,62473,8326531,0,(1004815)㈱AFREX (伊勢湾海運㈱）
20325,,,,(1004815)㈱AFREX(伊勢湾海運㈱）
20325,,,,(1004841)ｱﾔﾌﾞﾘｯｼﾞ㈱（伊勢湾海運㈱）
20325,,,,(1200049)伊勢湾海運㈱
20325,,,,(1200910)伊勢湾海運㈱（東京）
20325,,,,(1202018)ISEWAN TERMINAL(伊勢湾海運㈱)
20325,,,,(1202018)ISEWANTERMINAL(伊勢湾海運㈱)
20325,,,,(1300527)内村㈱　（伊勢湾海運）
20325,,,,(1403366)㈱ＭＧＭ（伊勢湾海運㈱）
20325,,,,(1603110)化繊ノズル㈱（伊勢湾大阪)
20325,,,,(1603113)釜谷紙業(伊勢湾海運大阪）
20325,,,,(1700019)菊水テープ　株式会社
20325,,,,(1700019)菊水テープ株式会社
20325,,,,(2500703)住友重機械工業(伊勢湾大阪)
20325,,,,(2600373)清和肥料工業（株）（伊勢湾海運）
20325,20325,8325685,0,(2600502)住友重機械ｷﾞﾔﾎﾞｯｸｽ（伊勢湾大阪
20325,,,,(2700386)双日ﾏｼﾅﾘｰ(伊勢湾海運 大阪)
20325,,,,(2700386)双日ﾏｼﾅﾘｰ(伊勢湾海運大阪)
20325,,,,(2700672)双日ﾏｼﾅﾘｰ(伊勢湾海運)LST専用
20325,,,,(2700674)双日ﾏｼﾅﾘｰ（株）(伊勢湾海運)
20325,,,,(2804984)太陽機械商事㈱(伊勢湾海運大阪)
20325,,,,(3201769)㈱ティラド（伊勢湾海運㈱）
20325,,,,(3202321)株式会社天浅(伊勢湾海運㈱)
20325,,,,(3303548)東大紙器㈱(伊勢湾 大阪)
20325,,,,(3502254)日新電機（伊勢湾海運）
20325,,,,(3506123)日本ｱｲﾃｨｴﾌ(伊勢湾大阪)
20325,,,,(3900463)㈱野々山(伊勢湾海運大阪）
20325,,,,(4203815)FUKUZUMI TRADING(伊勢湾海運㈱）
20325,,,,(4500705)マックス株式会社（伊勢湾海運）
20325,,,,(4800599)メタルワン（伊勢湾海運大阪）
20325,,,,(4900761)ﾓﾘﾃｯｸｽﾁｰﾙ㈱（伊勢湾海運㈱大阪）
20325,,,,(5000225)矢野金属（株）（伊勢湾海運）
20325,,,,(5001496)安田工業㈱（伊勢湾海運㈱）
20325,602252,8322253,0,(5100043)ユニチカ　株式会社
20325,-602252,8326967,0,(5100043)ユニチカ　株式会社
20325,587233,8326968,0,(5100043)ユニチカ　株式会社
20325,13280,8327589,0,(5100043)ユニチカ　株式会社
20325,577369,8327971,0,(5100043)ユニチカ　株式会社
22537,22537,8326475,0,(3500057)西商　株式会社
22537,,,,(3500057)西商株式会社
22537,312595,8311446,0,(3504580)西商株式会社(AIR)
23351,23200,8306274,0,(2003085)向陽技研 株式会社
23351,30400,8314971,0,(2003085)向陽技研 株式会社
23351,23200,8314994,0,(2003085)向陽技研 株式会社
23351,23351,8308864,0,(2003085)向陽技研 株式会社
23351,,,,(2003085)向陽技研株式会社
28147,,,,(1001251)旭日産業㈱（金属加工品部）
28147,28147,8301571,274780,(1001251)旭日産業㈱（工業製品事業部）
28154,,,,(1001720)旭ﾏｼﾅﾘｰ㈱
28154,,,,(1005524)アンドール株式会社
28154,66400,8288027,274375,(1500368)  株式会社オーケーエム
28154,39400,8288822,274375,(1500368)  株式会社オーケーエム
28154,66400,8296759,274375,(1500368)  株式会社オーケーエム
28154,39400,8297771,274375,(1500368)  株式会社オーケーエム
28154,66400,8302016,274375,(1500368)  株式会社オーケーエム
28154,39400,8302341,274375,(1500368)  株式会社オーケーエム
28154,66400,8306474,274375,(1500368)  株式会社オーケーエム
28154,39400,8307589,274375,(1500368)  株式会社オーケーエム
28154,115143,8306587,274375,(1500368)  株式会社オーケーエム
28154,39400,8309516,274375,(1500368)  株式会社オーケーエム
28154,66400,8311790,0,(1500368)  株式会社オーケーエム
28154,39400,8313317,0,(1500368)  株式会社オーケーエム
28154,66400,8315048,0,(1500368)  株式会社オーケーエム
28154,39400,8315898,0,(1500368)  株式会社オーケーエム
28154,140814,8315011,0,(1500368)  株式会社オーケーエム
28154,66400,8317956,0,(1500368)  株式会社オーケーエム
28154,39400,8318707,0,(1500368)  株式会社オーケーエム
28154,66400,8320265,0,(1500368)  株式会社オーケーエム
28154,39400,8321385,0,(1500368)  株式会社オーケーエム
28154,66400,8321677,0,(1500368)  株式会社オーケーエム
28154,39400,8322398,0,(1500368)  株式会社オーケーエム
28154,66400,8323993,0,(1500368)  株式会社オーケーエム
28154,39400,8324178,0,(1500368)  株式会社オーケーエム
28154,115143,8325515,0,(1500368)  株式会社オーケーエム
28154,39400,8326761,0,(1500368)  株式会社オーケーエム
28154,66400,8326778,0,(1500368)  株式会社オーケーエム
28154,22220,8301364,275060,(1600032)株式会社　カネカ
28154,9683,8302128,275060,(1600032)株式会社　カネカ
28154,10374,8305505,275060,(1600032)株式会社　カネカ
28154,8131,8305508,275060,(1600032)株式会社　カネカ
28154,10176,8304515,275060,(1600032)株式会社　カネカ
28154,97334,8305736,275060,(1600032)株式会社　カネカ
28154,23500,8316016,275060,(1600032)株式会社　カネカ
28154,-97334,8316022,275060,(1600032)株式会社　カネカ
28154,109430,8316023,275060,(1600032)株式会社　カネカ
28154,33553,8303975,275060,(1600032)株式会社　カネカ
28154,3500,8312704,275060,(1600032)株式会社　カネカ
28154,13649,8315270,275060,(1600032)株式会社　カネカ
28154,12837,8317475,275060,(1600032)株式会社　カネカ
28154,3500,8319666,275060,(1600032)株式会社　カネカ
28154,19962,8317156,275060,(1600032)株式会社　カネカ
28154,31103,8317141,0,(1600032)株式会社　カネカ
28154,33407,8318434,0,(1600032)株式会社　カネカ
28154,4361,8323063,0,(1600032)株式会社　カネカ
28154,16284,8326243,0,(1600032)株式会社　カネカ
28154,8863,8326249,0,(1600032)株式会社　カネカ
28154,22265,8326111,0,(1600032)株式会社　カネカ
28154,16601,8325979,0,(1600032)株式会社　カネカ
28154,,,,(1600032)株式会社カネカ
28154,,,,(2100250)山　九　株式会社　大阪支店
28154,,,,(2100250)山九株式会社大阪支店
28154,,,,(2100283)山九㈱　国際複合輸送部　大阪
28154,,,,(2100325)山九株式会社　横浜支店　港運Ｇ
28154,,,,(2100690)山　九株式会社　門司支店
28154,28154,8326107,0,(2101392)澤村株式会社繊維資材事業部
28154,,,,(2103544)サカタインクス株式会社
28154,,,,(2104582)澤村株式会社アパレル部
28154,,,,(2104651)サカタインクス㈱(山九㈱大阪）
28154,,,,(2301566)島田商事　株式会社（山九神戸
28154,,,,(2301566)島田商事株式会社（山九神戸
28154,,,,(2501994)株式会社スミノエ(山九㈱大阪）
28154,,,,(2502033)株式会社スミノエ
28154,,,,(3202225)テラダイン㈱（山九㈱大阪）
28154,77109,8326801,0,(3300439)東京計装株式会社
28154,,,,(3503654)株式会社日貿
28154,,,,(3505923)日鉄溶接工業株式会社
28154,,,,(4002327)㈱ハイレックスコーポレーション
28154,1668,8327441,0,(4200318)古野電気　株式会社
28154,1500,8327442,0,(4200318)古野電気　株式会社
28154,1500,8327443,0,(4200318)古野電気　株式会社
28154,1500,8327444,0,(4200318)古野電気　株式会社
28154,1500,8327445,0,(4200318)古野電気　株式会社
28154,1500,8327446,0,(4200318)古野電気　株式会社
28154,2604,8327447,0,(4200318)古野電気　株式会社
28154,1500,8327449,0,(4200318)古野電気　株式会社
28154,,,,(4400732)ﾎﾞｽﾃｲｯｸﾆｯﾀ㈱　（山九大阪）　　
28154,,,,(4603288)美浜㈱(山九㈱大阪）
28154,,,,(5400821)理研化成株式会社(山九㈱）
29873,,,,(1200297)伊吹工業㈱（福山ｸﾞﾛｰﾊﾞﾙ）
29873,,,,(1503340)落合刃物工業㈱(福山通運ｸﾞﾛｰﾊﾞﾙ
29873,,,,(1701444)北川商店（福山ｸﾞﾛｰﾊﾞﾙｿﾘｭｰｼｮﾝｽﾞ)
29873,,,,(2100954)サン化成株式会社
29873,7669,8326380,0,(2103503)福山通運グローバル株式会社
29873,22204,8324446,0,(2103503)福山通運グローバル株式会社
29873,8829,8327651,0,(2103503)福山通運グローバル株式会社
29873,133633,8327038,0,(2600051)株式会社　善光商事
31818,,,,
34287,,,,(1404279)㈱江口巌商店(株式会社築港)
34287,34287,8324440,0,(1602165)関西ペイント㈱(株式会社築港)
34287,,,,(3402018)名古屋モザイク工業（築港大阪）
37712,504465,8328151,0,(3300756)東洋ビーネット株式会社
37712,37712,8310275,273958,(3305444)東洋ﾋﾞｰﾈｯﾄ㈱〔月締〕
42376,,,,(1005386)ｱｸｱﾃｯｸ株式会社(ｾｲﾉｰ通関)
42376,55700,8285180,273797,(1602858)カリモク家具株式会社(西濃運輸)
42376,55700,8291236,273797,(1602858)カリモク家具株式会社(西濃運輸)
42376,55700,8296682,273797,(1602858)カリモク家具株式会社(西濃運輸)
42376,55700,8302458,273797,(1602858)カリモク家具株式会社(西濃運輸)
42376,55700,8306341,273797,(1602858)カリモク家具株式会社(西濃運輸)
42376,55700,8311822,0,(1602858)カリモク家具株式会社(西濃運輸)
42376,90700,8321464,0,(1602858)カリモク家具株式会社(西濃運輸)
42376,39400,8326849,0,(1602858)カリモク家具株式会社(西濃運輸)
42376,,,,(2305332)ｼｰｱｲﾋﾟｰｴｽｱﾄﾞﾊﾞﾝｽ㈱（ｾｲﾉｰ通関）
42376,,,,(2306611)新東実業株式会社(セイノー通関)
42376,,,,(2501972)㈱鈴木栄光堂(西濃運輸）
42376,,,,(4102116)ﾋﾞｰｴﾙﾃﾞｰｵﾘｴﾝﾀﾙ(セイノー通関）
42376,42376,8325607,0,(4300641)株式会社別処電線製造所(西濃)
48893,,,,(1005347)ｱﾗｷﾄﾚｰﾃﾞｨﾝｸﾞ（近畿港運）
48893,,,,(1005358)ｱﾙﾒｯﾄｲﾝﾀｰﾅｼｮﾅﾙ（近畿港運）
48893,,,,(1005622)アトリエK'SK 近畿港運）
48893,,,,(1201991)池上交易㈱(近畿港運㈱)
48893,15680,8325681,0,(1301050)ｳｴﾀﾞ美粧堂（近畿港運）
48893,31369,8327727,0,(1400862)エムエフヴィ（株）（近畿港運）
48893,42817,8327728,0,(1400862)エムエフヴィ（株）（近畿港運）
48893,30798,8327729,0,(1400862)エムエフヴィ（株）（近畿港運）
48893,23178,8327733,0,(1400862)エムエフヴィ（株）（近畿港運）
48893,87854,8327737,0,(1400862)エムエフヴィ（株）（近畿港運）
48893,,,,(1500560)株式会社大藤つり具（近畿港運）
48893,,,,(1502111)オカモト化成品(近畿港運)
48893,,,,(1700053)近畿港運　株式会社
48893,,,,(1700053)近畿港運株式会社
48893,,,,(1702600)株式会社ﾀﾞｲｿｰﾌﾟﾛﾀﾞｸﾂ関西（近畿
48893,,,,(2002454)宏進㈱（近畿港運㈱）
48893,,,,(2003243)株式会社香蘭（近畿港運）
48893,,,,(2003379)株式会社興安貿易ｵﾌｨｽ（近畿港運
48893,,,,(2306434)ｼﾞｬｽﾄﾌｫｰﾕｰ（近畿港運）
48893,,,,(2306566)株式会社ｼｮｳｴｲ（近畿港運）
48893,,,,(2502060)スバル通商（近畿港運）
48893,,,,(3202116)株式会社DELTA THINK（近畿港運
48893,,,,(3503984)KNITIDO CO LTD(ｼﾞｬﾊﾟﾝｶｰｺﾞｻｰﾋﾞｽ)
48893,,,,(3506010)ﾆｯﾃｨﾄﾞ株式会社（近畿港運）
48893,33213,8326454,0,(4000184)パール化研株式会社（近畿港運）
48893,,,,(4000387)株式会社パルファン（近畿港運）
48893,,,,(5000282)ヤマトインターナショナル（株）
48893,,,,(5200787)ﾖｺﾂﾞﾅｸﾘｴｰｼｮﾝ（近畿港運）
48893,,,,(5500110)ﾙﾝｷｰﾒﾀﾙ（近畿港運）
62850,,,,(2306945)CBC株式会社(株式会社タカナワ)
62850,,,,(2803987)株式会社タカナワ
63373,63373,8325626,0,(5100077)ユタカ商事　株式会社　
63373,,,,(5100077)ユタカ商事株式会社
66559,,,,(1001332)ｱｼｵ産業（築港大阪）
66559,,,,(1005301)朝陽貿易(株)(築港大阪)
66559,,,,(1203406)今中（築港大阪)
66559,,,,(1603052)神八通商（築港大阪）
66559,,,,(2100124)堺商事　株式会社
66559,,,,(2306362)白石カルシウム㈱(㈱築港大阪)
66559,,,,(2306522)神港有機化学工業㈱（築港）
66559,,,,(2306531)島田商会(築港）
66559,,,,(2306622)島貿易㈱(築港大阪)
66559,,,,(2306829)CBC株式会社（築港大阪）
66559,66559,8324888,0,(2500980)住友化学（築港大阪）
66559,,,,(2601718)誠田電気株式会社(築港大阪)
66559,,,,(2800180)第一稀元素化学工業（株）
66559,,,,(3000026)株式会社　築港（大阪営業所）
66559,,,,(3100535)㈱釣谷商店(㈱築港 大阪)
66559,,,,(3100535)㈱釣谷商店(㈱築港大阪)
66559,,,,(3305410)豊川商事㈱（築港大阪)
66559,,,,(3500196)ＤＫＳＨジャパン株式会社
66559,216965,8327803,0,(3504645)日本酢ビ・ポバール㈱（㈱築港）
66559,,,,(3505889)日東高圧化学工業㈱(㈱築港大阪)
66559,,,,(3800135)ﾈｵｹﾐｶﾙ株式会社(株式会社築港)
66559,,,,(4002540)ハラ㈱（築港大阪）
66559,,,,(4204065)ﾌｼﾞﾃｯｸ(築港)
66559,,,,(4500161)松村石油　株式会社
66559,,,,(4500236)丸紅ケミックス株式会社
66559,,,,(4503113)㈱マルカ(㈱築港大阪)
66559,,,,(4603039)三国商事株式会社(㈱築港大阪)
66559,,,,(5700342)ﾛｯｸﾍﾟｲﾝﾄ株式会社(㈱築港)
75128,75128,8288887,273839,(3100567)株式会社塚谷刃物製作所
75128,19211,8305337,0,(3100567)株式会社塚谷刃物製作所
75128,95386,8312875,0,(3100567)株式会社塚谷刃物製作所
78870,,,,
91363,,,,(1000270)ｱｻﾋﾚﾝﾄｹﾞﾝ工業（KSA京都）
91363,,,,(1004838)ｱﾙｺﾆｯｸｽ株式会社（KSAｲﾝﾀｰﾅｼｮﾅﾙ
91363,,,,(1503166)岡谷鋼機（KSA大阪）
91363,11831,8311580,0,(1900098)㈱KSAｲﾝﾀｰﾅｼｮﾅﾙ(S'PER:KSAｲﾝﾀｰ)
91363,35647,8314666,0,(1900098)㈱KSAｲﾝﾀｰﾅｼｮﾅﾙ(S'PER:KSAｲﾝﾀｰ)
91363,20180,8318330,0,(1900098)㈱KSAｲﾝﾀｰﾅｼｮﾅﾙ(S'PER:KSAｲﾝﾀｰ)
91363,8372,8321400,0,(1900098)㈱KSAｲﾝﾀｰﾅｼｮﾅﾙ(S'PER:KSAｲﾝﾀｰ)
91363,17980,8327378,0,(1900098)㈱KSAｲﾝﾀｰﾅｼｮﾅﾙ(S'PER:KSAｲﾝﾀｰ)
91363,34421,8319130,0,(1900898)株式会社KSAｲﾝﾀｰﾅｼｮﾅﾙ
91363,,,,(1900969)㈱KSAｲﾝﾀｰﾅｼｮﾅﾙ(S'PER:KSAｲﾝﾀｰ)
91363,,,,(1901114)KSA(新橋)===>1900898使用
91363,39432,8328154,0,(2300343)株式会社島津製作所(KSAｲﾝﾀｰﾅｼｮﾅﾙ)
91363,,,,(2306701)島津製作所（KSAｲﾝﾀｰﾅｼｮﾅﾙ）
91363,82026,8325970,0,(2800306)タキイｱﾝﾄﾞカンパニー（ＫＳＡ）
91363,9337,8325968,0,(4200367)福田ﾒﾀﾙ(KSAｲﾝﾀｰﾅｼｮﾅﾙ)
91363,45200,8326877,0,(4200367)福田ﾒﾀﾙ(KSAｲﾝﾀｰﾅｼｮﾅﾙ)
93578,,,,(1000406)ｱｰｽ製薬㈱
93578,,,,(1004439)アルファ・ラバル㈱（㈱後藤回漕店
93578,,,,(1004772)㈱アヌシ（㈱後藤回漕店神戸）
93578,,,,(1005635)ｱﾙﾌｧ ﾗﾊﾞﾙ㈱(後藤回漕店大阪)
93578,,,,(1401892)エムエス工業（後藤神戸）
93578,,,,(1500688)ＯＧＫｶﾌﾞﾄ（後藤回漕店大阪）
93578,50400,8317835,0,(1501319)㈱オオヤマ（㈱後藤回漕店大阪)
93578,9200,8325169,0,(1501319)㈱オオヤマ（㈱後藤回漕店大阪)
93578,88400,8328085,0,(1501319)㈱オオヤマ（㈱後藤回漕店大阪)
93578,,,,(1502487)オアシスカマダ
93578,,,,(1503254)オルディ㈱(後藤回漕店大阪）
93578,,,,(1503370)㈱大島(後藤回漕店 大阪)
93578,,,,(1600835)カタオカ産業（後藤回漕店）
93578,,,,(1603033)川原油化(後藤回漕店 大阪)
93578,18415,8320577,0,(1603184)カルデリス㈱(後藤回漕店大阪）
93578,3300,8327041,0,(1603184)カルデリス㈱(後藤回漕店大阪）
93578,,,,(1702391)近畿車両㈱(後藤回漕店　大阪)
93578,,,,(1800153)（株）栗田機械（後藤回漕店大阪
93578,19746,8318912,0,(1901244)現代綜合金属ｼﾞｬﾊﾟﾝ(後藤回漕店
93578,9482,8311591,0,(2000043)株式会社後藤回漕店（大阪）
93578,104791,8322929,0,(2000043)株式会社後藤回漕店（大阪）
93578,21148,8324537,0,(2000043)株式会社後藤回漕店（大阪）
93578,,,,(2000158)株式会社後藤回漕店（神戸）
93578,15500,8322133,0,(2003347)是常精工㈱(㈱後藤回漕店大阪)
93578,,,,(2100609)サンビ　　（後藤回漕店　大阪）
93578,,,,(2306494)㈱ＧＭＪ（㈱後藤回漕店神戸）
93578,,,,(2502059)㈱水登社(後藤回漕店大阪)
93578,,,,(2700434)双日ﾏｼﾅﾘｰ㈱(㈱後藤回漕店)
93578,82026,8325970,0,(2800306)タキイｱﾝﾄﾞカンパニー（ＫＳＡ）
93578,11806,8325154,0,(3000308)兆豊（後藤回漕店）
93578,21698,8324683,0,(3100011)株式会社津田商会
93578,,,,(3200034)帝人フロンティア株式会社
93578,16713,8319656,0,(3201934)帝人ﾌﾛﾝﾃｨｱ㈱(㈱後藤大阪)
93578,10400,8323021,0,(3202194)㈱ﾃﾞｨｸﾞﾘｯﾄ(後藤回漕店 大阪)
93578,,,,(3202194)㈱ﾃﾞｨｸﾞﾘｯﾄ(後藤回漕店大阪)
93578,,,,(3302391)東工ｺ-ｾﾝ㈱（㈱後藤回漕店大阪）
93578,,,,(3302680) 東洋商事(後藤回漕店)
93578,,,,(3400352)中井工業株式会社
93578,,,,(3401003)中田エンヂニアリング（後藤神戸）
93578,,,,(3401212)ﾅｶｶﾞﾜ胡粉絵の具(後藤回漕店)
93578,,,,(3402060)株式会社中里(後藤回漕店)
93578,,,,(3506204)日建産業㈱(㈱後藤回漕店　神戸)
93578,,,,(3506305)日本山村硝子(後藤回漕店大阪)
93578,,,,(3800122)株式会社ﾈｽﾄ･ｼﾞｬﾊﾟﾝ(㈱後藤回漕)
93578,,,,(4200091)フェニックス電機　株式会社
93578,,,,(4201359)プラギケン(後藤回漕店)
93578,32363,8315245,0,(4500397)ﾊﾟﾅｿﾆｯｸｵﾍﾟﾚｰｼｮﾅﾙ(近鉄ﾄﾚｰﾃﾞｨﾝｸﾞ)
93578,32183,8320270,0,(4500397)ﾊﾟﾅｿﾆｯｸｵﾍﾟﾚｰｼｮﾅﾙ(近鉄ﾄﾚｰﾃﾞｨﾝｸﾞ)
93578,32363,8326171,0,(4500397)ﾊﾟﾅｿﾆｯｸｵﾍﾟﾚｰｼｮﾅﾙ(近鉄ﾄﾚｰﾃﾞｨﾝｸﾞ)
93578,,,,(4800249)名阪真空工業（後藤回漕店大阪）
93578,,,,(4800413)明治機械製作所
93578,,,,(4800646)㈱明治機械製作所（㈱後藤回漕店）
93578,3932,8311475,0,(5000050)株式会社　山　善
93578,10025,8315437,0,(5000050)株式会社　山　善
93578,19739,8315447,0,(5000050)株式会社　山　善
93578,10133,8321163,0,(5000050)株式会社　山　善
93578,41240,8325725,0,(5000050)株式会社　山　善
93578,10090,8326123,0,(5000050)株式会社　山　善
93578,,,,(5000050)株式会社山善
93578,,,,(5000379)山善（後藤回漕店）
93578,,,,(5001236)薬理純薬㈱（㈱後藤回漕店大阪)
93578,,,,(5100349)友光商事（後藤回漕店）
93578,,,,(5100599)ユキワ精工(後藤回漕店)
93578,,,,(5101383)ユキワ精工株式会社
93578,,,,(5200347)吉田工作所(後藤回漕店)
98865,,,,(1002515)ISS MACHINERY SERVICES
98865,,,,(1002515)ISSMACHINERYSERVICES
98865,,,,(1002515)ISSマシナリーサービス株式会社
98865,,,,(1005246)ISAM(日新)
98865,,,,(1005249)朝日理化工業㈱(㈱日新大阪海貨)
98865,,,,(1203315)ISUZU GLASS(日新)
98865,,,,(1203315)ISUZUGLASS(日新)
98865,,,,(1404335)SDS(日新)
98865,,,,(1404362)株式会社ENEOSマテリアル(JSR)
98865,,,,(1404495)MP五協ﾌｰﾄﾞ&ｹﾐｶﾙ㈱(㈱日新大阪
98865,,,,(1503113)株式会社　小矢部精機（日新金沢）
98865,,,,(1700567)紀伊産業株式会社（日新）
98865,,,,(1701197)清原株式会社(日新大阪)
98865,,,,(1701405)キリヤ化学㈱
98865,,,,(1701436)ｷｮｰﾘﾝﾘﾒﾃﾞｨｵ㈱（日新金沢）
98865,,,,(1702443)有限会社キダ商事（㈱日新）
98865,,,,(2000212)高圧ガス工業　株式会社
98865,,,,(2000212)高圧ガス工業株式会社
98865,,,,(2002668)㈱工進（㈱日新）
98865,,,,(2002724)株式会社小山（㈱日新大阪)
98865,,,,(2103288)サンエツ金属(日新金沢）
98865,,,,(2103544)サカタインクス株式会社
98865,,,,(2104291)三研空機株式会社(㈱日新大阪)
98865,,,,(2104650)㈱サトー医研(㈱日新大阪　海貨)
98865,,,,(2104703)三和機械株式会(㈱日新海貨）
98865,,,,(2300039)象印魔法瓶　株式会社（日新）
98865,,,,(2300492)新中村化学工業株式会社（日新）
98865,,,,(2301520)株式会社ＧＳＩクレオス
98865,,,,(2301879)（株）ＧＳＩクレオス
98865,,,,(2303249)シキボウ（㈱日新）
98865,,,,(2304053)㈱GSIクレオス(㈱日新大阪)
98865,,,,(2305409)ｼｼｸSISIKUｱﾄﾞｸﾗｲｽ㈱（㈱日新金沢
98865,,,,(2306120)㈱シマノ(日新 堺）
98865,,,,(2502002)MP五協ﾌｰﾄﾞ&ｹﾐｶﾙ(日新大阪海貨)
98865,,,,(2502002)住友ﾌｧｰﾏﾌｰﾄﾞ&ｹﾐｶﾙ(日新海貨大阪
98865,,,,(2800180)第一稀元素化学工業（株）
98865,,,,(2802723)大同工業（日新北陸）
98865,,,,(2804780)DAIHEN CORPORATION(日新㈱大阪)
98865,,,,(2804780)DAIHENCORPORATION(日新㈱大阪)
98865,,,,(2805078)タテホ化学工業株式会社
98865,,,,(2805343)株式会社　竹中　（日新／金沢）
98865,,,,(3000021)中央自動車工業　株式会社*
98865,,,,(3000021)中央自動車工業株式会社*
98865,,,,(3000223)株式会社チクマ（日新）
98865,,,,(3000963)中外炉工業㈱(㈱日新大阪)
98865,,,,(3100031)津田駒工業(日新　金沢営業所)
98865,,,,(3200204)ティーエフカンパニー（日新）
98865,235777,8324123,0,(3200908)大同工業株式会社
98865,28186,8326008,0,(3200908)大同工業株式会社
98865,14991,8327481,0,(3200908)大同工業株式会社
98865,,,,(3201887)㈱寺島研磨工業（㈱日新　金沢）
98865,,,,(3201887)㈱寺島研磨工業（㈱日新金沢）
98865,112959,8323633,0,(3201900)帝人ﾌﾛﾝﾃｨｱ㈱(㈱日新大阪)
98865,,,,(3201943)㈱ﾃｨｰｴﾌ(㈱日新大阪)
98865,,,,(3202011)株式会社天祥(株式会社日新大阪)
98865,,,,(3202034)帝人ﾌﾛﾝﾃｨｱ㈱(㈱日新 大阪)
98865,98865,8325751,0,(3300552)株式会社　藤堂製作所
98865,,,,(3300552)株式会社藤堂製作所
98865,,,,(3304286)東田商工㈱（㈱日新）
98865,,,,(3304965)東洋ﾌﾟﾗｽﾁｯｸ㈱(㈱日新大阪)
98865,,,,(3305486)東栄商行（日新）
98865,,,,(3500063)株式会社　日新　海貨
98865,,,,(3500063)株式会社日新海貨
98865,,,,(3501372)日東粉化商事　株式会社
98865,,,,(3501372)日東粉化商事株式会社
98865,15308,8284623,274191,(3501380)株式会社　日新　名古屋営業所
98865,103278,8284625,274191,(3501380)株式会社　日新　名古屋営業所
98865,19869,8289304,274191,(3501380)株式会社　日新　名古屋営業所
98865,96352,8288301,274191,(3501380)株式会社　日新　名古屋営業所
98865,8581,8288302,274191,(3501380)株式会社　日新　名古屋営業所
98865,7900,8288303,274191,(3501380)株式会社　日新　名古屋営業所
98865,136171,8287102,274191,(3501380)株式会社　日新　名古屋営業所
98865,41504,8290071,274191,(3501380)株式会社　日新　名古屋営業所
98865,79166,8291804,274191,(3501380)株式会社　日新　名古屋営業所
98865,13859,8290164,274191,(3501380)株式会社　日新　名古屋営業所
98865,64567,8290175,274191,(3501380)株式会社　日新　名古屋営業所
98865,14766,8286159,274191,(3501380)株式会社　日新　名古屋営業所
98865,40827,8286419,274191,(3501380)株式会社　日新　名古屋営業所
98865,60466,8286420,274191,(3501380)株式会社　日新　名古屋営業所
98865,183641,8306323,274191,(3501380)株式会社　日新　名古屋営業所
98865,52463,8293549,274191,(3501380)株式会社　日新　名古屋営業所
98865,15308,8293550,274191,(3501380)株式会社　日新　名古屋営業所
98865,7400,8294745,274191,(3501380)株式会社　日新　名古屋営業所
98865,144437,8296397,274191,(3501380)株式会社　日新　名古屋営業所
98865,76966,8292755,274191,(3501380)株式会社　日新　名古屋営業所
98865,7400,8292757,274191,(3501380)株式会社　日新　名古屋営業所
98865,115952,8292807,274191,(3501380)株式会社　日新　名古屋営業所
98865,37856,8292815,274191,(3501380)株式会社　日新　名古屋営業所
98865,37596,8292816,274191,(3501380)株式会社　日新　名古屋営業所
98865,38372,8293972,274191,(3501380)株式会社　日新　名古屋営業所
98865,41504,8295765,274191,(3501380)株式会社　日新　名古屋営業所
98865,11487,8298178,274191,(3501380)株式会社　日新　名古屋営業所
98865,26333,8300607,274191,(3501380)株式会社　日新　名古屋営業所
98865,44076,8298330,274191,(3501380)株式会社　日新　名古屋営業所
98865,335353,8298332,274191,(3501380)株式会社　日新　名古屋営業所
98865,400825,8298333,274191,(3501380)株式会社　日新　名古屋営業所
98865,140529,8299100,274191,(3501380)株式会社　日新　名古屋営業所
98865,26835,8299102,274191,(3501380)株式会社　日新　名古屋営業所
98865,38734,8305944,274191,(3501380)株式会社　日新　名古屋営業所
98865,13859,8305945,274191,(3501380)株式会社　日新　名古屋営業所
98865,394251,8305003,274191,(3501380)株式会社　日新　名古屋営業所
98865,11789,8307669,274191,(3501380)株式会社　日新　名古屋営業所
98865,12993,8309164,0,(3501380)株式会社　日新　名古屋営業所
98865,63742,8302929,0,(3501380)株式会社　日新　名古屋営業所
98865,41504,8312628,0,(3501380)株式会社　日新　名古屋営業所
98865,51960,8312806,0,(3501380)株式会社　日新　名古屋営業所
98865,3300,8317777,0,(3501380)株式会社　日新　名古屋営業所
98865,10720,8308928,0,(3501380)株式会社　日新　名古屋営業所
98865,114835,8308945,0,(3501380)株式会社　日新　名古屋営業所
98865,212157,8312011,0,(3501380)株式会社　日新　名古屋営業所
98865,32382,8315519,0,(3501380)株式会社　日新　名古屋営業所
98865,12598,8315520,0,(3501380)株式会社　日新　名古屋営業所
98865,89972,8313844,0,(3501380)株式会社　日新　名古屋営業所
98865,10720,8319452,0,(3501380)株式会社　日新　名古屋営業所
98865,21272,8320745,0,(3501380)株式会社　日新　名古屋営業所
98865,339616,8317110,0,(3501380)株式会社　日新　名古屋営業所
98865,42071,8320990,0,(3501380)株式会社　日新　名古屋営業所
98865,8753,8323147,0,(3501380)株式会社　日新　名古屋営業所
98865,41596,8323704,0,(3501380)株式会社　日新　名古屋営業所
98865,83559,8327303,0,(3501380)株式会社　日新　名古屋営業所
98865,48923,8327372,0,(3501380)株式会社　日新　名古屋営業所
98865,42361,8327844,0,(3501380)株式会社　日新　名古屋営業所
98865,,,,(3501380)株式会社日新名古屋営業所
98865,,,,(3503088)有限会社　日本新光（日新）
98865,,,,(3503235)株式会社　日新/引越し
98865,,,,(3503235)株式会社日新/引越し
98865,,,,(3503655)日本三花貿易㈱(㈱日新大阪)
98865,,,,(3504049)日精株式会社(株式会社日新)
98865,,,,(3504614)日清食品ﾎｰﾙﾃﾞｨﾝｸﾞｽ㈱（日新）
98865,6080,8327482,0,(3505600)株式会社　日新 国際課
98865,52739,8322112,0,(3505600)株式会社　日新 国際課
98865,53249,8325881,0,(3505600)株式会社　日新 国際課
98865,-53249,8327169,0,(3505600)株式会社　日新 国際課
98865,33591,8327170,0,(3505600)株式会社　日新 国際課
98865,,,,(3505600)株式会社日新国際課
98865,,,,(3505840)株式会社日新
98865,,,,(3505869)日清フーズ(日新)
98865,,,,(3505930)日機装株式会社（㈱日新）
98865,,,,(3506212)日本伸銅株式会社（㈱日新／金沢）
98865,,,,(4002263)㈱初田製作所(㈱日新 大阪)
98865,95860,8327682,0,(4002480)パナソニック(日新）
98865,,,,(4100794)兵庫県貿易㈱（㈱日新神戸営業所）
98865,,,,(4201923)福田メタル（㈱日新　京都）
98865,,,,(4203360)フタムラ化学㈱（㈱日新）
98865,,,,(4204110)ﾌｸｼﾏｶﾞﾘﾚｲ㈱(㈱日新海貨大阪
98865,,,,(4400593)本田技研工業（日新埼玉ふじみ野）
98865,,,,(4401244)保土谷化学工業(日新)
98865,32363,8315245,0,(4500397)ﾊﾟﾅｿﾆｯｸｵﾍﾟﾚｰｼｮﾅﾙ(近鉄ﾄﾚｰﾃﾞｨﾝｸﾞ)
98865,32183,8320270,0,(4500397)ﾊﾟﾅｿﾆｯｸｵﾍﾟﾚｰｼｮﾅﾙ(近鉄ﾄﾚｰﾃﾞｨﾝｸﾞ)
98865,32363,8326171,0,(4500397)ﾊﾟﾅｿﾆｯｸｵﾍﾟﾚｰｼｮﾅﾙ(近鉄ﾄﾚｰﾃﾞｨﾝｸﾞ)
98865,,,,(4503044)前田硝子㈱(㈱日新大阪)
98865,,,,(4503163)㈱ﾏｰｸｱﾋﾞﾘﾃｨ(㈱日新海貨大阪)
98865,,,,(5001351)株式会社山正（株式会社日新）
98865,,,,(5101084)友光商事㈱（株式会社日新）
98865,,,,(5200777)豫洲短板産業(㈱日新海貨大阪)
98865,,,,(5300442)ﾗｰｸｽﾄﾚｰﾃﾞｨﾝｸﾞ㈱(㈱日新大阪海貨
140946,,,,(1002020)㈱ｱｲｴｽｺｰﾎﾟﾚｰｼｮﾝ（丸新港運）
140946,,,,(1005250)アスカ工業株式会社
140946,,,,(1300703)㈱ウチノ(丸新港運㈱)
140946,,,,(1400004)株式会社　エミー
140946,,,,(1404314)SBC（丸新港運株式会社）
140946,,,,(1502816)大志野産業㈱(丸新港運㈱)
140946,,,,(1503355)OTファテック株式会社(丸新港運)
140946,,,,(1702450)㈱キンダイ(丸新港運株式会社）
140946,,,,(2002496)有限会社ｺﾘｱﾝﾃｸﾉﾛｼﾞｰ(丸新港運)
140946,,,,(2002856)小迫マシナリー(丸新港運㈱）
140946,,,,(2306898)シグマ化成（丸新港運)
140946,,,,(3305205)ドナウ商事株式会社(丸新港運)
140946,,,,(3305252)㈱東静ｴﾝｼﾞﾆｱﾘﾝｸﾞ(丸新港運）
140946,,,,(3401497)ナップ工業㈱(丸新港運㈱大阪)
140946,,,,(3401531)内外紙工機械システム（丸新港運）
140946,,,,(3401794)中川特殊鋼㈱(丸新港運)
140946,,,,(4101142)㈱ヒルテック（丸新港運㈱）
140946,,,,(4401170)北陸工業㈱(丸新港運株式会社）
140946,,,,(4500162)丸新港運　株式会社
140946,,,,(4500162)丸新港運株式会社
140946,,,,(4500238)松本油脂製薬（株）（丸新港運）
140946,,,,(4500590)松本油脂製薬（株）
140946,,,,(4500844)松本油脂製薬 株式会社
140946,,,,(4500844)松本油脂製薬株式会社
140946,,,,(4501053)丸新港運株式会社
140946,,,,(4503156)松本興産（丸新港運株式会社）
140946,,,,(4900764)株式会社森川商事(丸新港運）
140946,81437,8318228,275093,(5000120)山本化学工業株式会社
140946,86875,8327113,0,(5000120)山本化学工業株式会社
140946,140946,8326457,0,(5000120)山本化学工業株式会社
140946,18446,8326529,0,(5000120)山本化学工業株式会社
140946,,,,(5001743)山崎工機株式会社(丸新港運）
140946,,,,(5001772)山本化学工業株式会社(ﾌﾞﾙｰﾗｲﾝ)
140946,,,,(5101401)㈱ﾕﾆﾊﾞｰｽｺｰﾎﾟﾚｰｼｮﾝ(丸新港運)
140946,,,,(5800112)（株）和気（丸新港運）
140946,,,,(5800175)ﾜｷｻｶｴﾝｼﾞﾆｱﾘﾝｸﾞ㈱（丸新港運）　
140946,,,,(9999999)輸入現金扱い諸口
263963,,,,(1000021)有本化学工業㈱（兵機大阪）
263963,,,,(1005445)ｱｺｰｽ株式会社（兵機海運株式会社）
263963,,,,(1201956)ｲﾚﾌﾞﾝｲﾝﾀｰﾅｼｮﾅﾙ（兵機海運）
263963,,,,(1301022)宇津商事㈱（兵機海運株式会社）
263963,,,,(1601140)ｶﾈﾋﾗ鉄鋼(兵機海運)
263963,,,,(1801612)GLOBAL CORD LTD.(兵機海運㈱大阪)
263963,,,,(1801612)GLOBALCORDLTD.(兵機海運㈱大阪)
263963,,,,(2104680)佐藤ｹﾐｸﾞﾗｽ㈱（兵機海運㈱大阪）
263963,,,,(2700576)㈱相建ｴﾝｼﾞﾆｱﾘﾝｸﾞ(兵機海運大阪)
263963,181679,8301067,274866,(2805386)大同工業㈱（掛け扱い）
263963,16384,8306192,274866,(2805386)大同工業㈱（掛け扱い）
263963,150996,8325344,0,(2805386)大同工業㈱（掛け扱い）
263963,28510,8326570,0,(2805386)大同工業㈱（掛け扱い）
263963,235777,8324123,0,(3200908)大同工業株式会社
263963,28186,8326008,0,(3200908)大同工業株式会社
263963,14991,8327481,0,(3200908)大同工業株式会社
263963,,,,(3300430)東西通商　　　（兵機海運　大阪）
263963,,,,(3303352)十川産業（兵機海運㈱大阪）
263963,,,,(3305297)(有)トゴス（兵機海運(株)）
263963,,,,(3504593)日本製墨（兵機海運㈱）
263963,,,,(4001909)ﾊﾝﾏｰｷｬｽﾀｰ㈱(兵機海運㈱)
263963,,,,(4100037)兵機海運　株式会社
263963,,,,(4101449)平川製作所(兵機海運 大阪)
263963,,,,(4101449)平川製作所(兵機海運大阪)
263963,,,,(4200987)不二化学薬品（兵機海運 大阪）
263963,,,,(4200987)不二化学薬品（兵機海運大阪）
263963,,,,(4400087)ホーザン株式会社
263963,,,,(4400159)株式会社 北海鉄工所
263963,,,,(4401113)㈱北海鉄工所(兵機海運㈱大阪)
263963,,,,(4401200)豊洋産業㈱（兵機海運株式会社）
263963,,,,(5001461)山文油化㈱（兵機海運）
263963,,,,(5300444)LIGHTING BESON(兵機海運㈱）
274211,146396,8290475,274162,(1001902)㈱ｱｻﾀﾞ
274211,34815,8300287,274162,(1001902)㈱ｱｻﾀﾞ
274211,55763,8299337,274162,(1001902)㈱ｱｻﾀﾞ
274211,37237,8303877,274162,(1001902)㈱ｱｻﾀﾞ
274211,59860,8310211,0,(1001902)㈱ｱｻﾀﾞ
274211,101516,8320949,0,(1001902)㈱ｱｻﾀﾞ
274211,92763,8326034,0,(1001902)㈱ｱｻﾀﾞ
469314,,,,(9999999)輸入現金扱い諸口
469314,170806,8294686,273633,(A003305)ANTIMINSS CORP
469314,56608,8299523,273633,(A003305)ANTIMINSS CORP
469314,241900,8299459,273633,(A003305)ANTIMINSS CORP
469314,70672,8319066,275103,(A003305)ANTIMINSS CORP
469314,47340,8323445,275103,(A003305)ANTIMINSS CORP
469314,76600,8324001,275103,(A003305)ANTIMINSS CORP
615740,,,,(9999999)輸入現金扱い諸口
615740,97902,8286771,273604,"(Y001830)YOSHIKAWA ELEX CO.,LTD."
615740,69738,8295254,273604,"(Y001830)YOSHIKAWA ELEX CO.,LTD."
615740,448100,8296191,273604,"(Y001830)YOSHIKAWA ELEX CO.,LTD."
615740,58995,8310786,274995,"(Y001830)YOSHIKAWA ELEX CO.,LTD."
615740,27500,8318131,274995,"(Y001830)YOSHIKAWA ELEX CO.,LTD."
615740,240130,8317638,274995,"(Y001830)YOSHIKAWA ELEX CO.,LTD."
615740,172416,8310788,274996,"(Y001830)YOSHIKAWA ELEX CO.,LTD."
615740,100442,8318130,274996,"(Y001830)YOSHIKAWA ELEX CO.,LTD."
615740,549570,8317636,274996,"(Y001830)YOSHIKAWA ELEX CO.,LTD."
1238620,,,,(1000592)網太㈱
1238620,312109,8285393,274176,(1005452)網太㈱(㈱アミタマシーンズ)
1238620,924311,8288035,274176,(1005452)網太㈱(㈱アミタマシーンズ)
1238620,2200,8288123,274176,(1005452)網太㈱(㈱アミタマシーンズ)
1238620,287620,8306469,0,(1005452)網太㈱(㈱アミタマシーンズ)
1238620,474605,8309896,0,(1005452)網太㈱(㈱アミタマシーンズ)
1238620,39258,8312963,0,(1005452)網太㈱(㈱アミタマシーンズ)
1238620,459466,8321661,0,(1005452)網太㈱(㈱アミタマシーンズ)
1238620,461666,8321662,0,(1005452)網太㈱(㈱アミタマシーンズ)
1238620,589419,8317099,0,(1005452)網太㈱(㈱アミタマシーンズ)
1238620,337904,8325540,0,(1005452)網太㈱(㈱アミタマシーンズ)
1238620,63891,8327363,0,(1005452)網太㈱(㈱アミタマシーンズ)
1303022,1303022,8287880,273333,(3304854)東洋モートン株式会社
2005725,13016,8274863,274468,(1701845)㈱近鉄エクスプレス（輸入）
2005725,9419,8274931,274468,(1701845)㈱近鉄エクスプレス（輸入）
2005725,25642,8284320,274468,(1701845)㈱近鉄エクスプレス（輸入）
2005725,39952,8281923,274468,(1701845)㈱近鉄エクスプレス（輸入）
2005725,26210,8272536,274468,(1701845)㈱近鉄エクスプレス（輸入）
2005725,30351,8272542,274468,(1701845)㈱近鉄エクスプレス（輸入）
2005725,9680,8272546,274468,(1701845)㈱近鉄エクスプレス（輸入）
2005725,61767,8272548,274468,(1701845)㈱近鉄エクスプレス（輸入）
2005725,69384,8272524,274468,(1701845)㈱近鉄エクスプレス（輸入）
2005725,20819,8272516,274468,(1701845)㈱近鉄エクスプレス（輸入）
2005725,23551,8282685,274468,(1701845)㈱近鉄エクスプレス（輸入）
2005725,19627,8282764,274468,(1701845)㈱近鉄エクスプレス（輸入）
2005725,9680,8287912,274468,(1701845)㈱近鉄エクスプレス（輸入）
2005725,12857,8282494,274468,(1701845)㈱近鉄エクスプレス（輸入）
2005725,9680,8282652,274468,(1701845)㈱近鉄エクスプレス（輸入）
2005725,18567,8270798,274468,(1701845)㈱近鉄エクスプレス（輸入）
2005725,12748,8270823,274468,(1701845)㈱近鉄エクスプレス（輸入）
2005725,9680,8270901,274468,(1701845)㈱近鉄エクスプレス（輸入）
2005725,103256,8270902,274468,(1701845)㈱近鉄エクスプレス（輸入）
2005725,10911,8270932,274468,(1701845)㈱近鉄エクスプレス（輸入）
2005725,64732,8273641,274468,(1701845)㈱近鉄エクスプレス（輸入）
2005725,36885,8280001,274468,(1701845)㈱近鉄エクスプレス（輸入）
2005725,55776,8288021,274468,(1701845)㈱近鉄エクスプレス（輸入）
2005725,33077,8288022,274468,(1701845)㈱近鉄エクスプレス（輸入）
2005725,51686,8276856,274468,(1701845)㈱近鉄エクスプレス（輸入）
2005725,68595,8312258,274468,(1701845)㈱近鉄エクスプレス（輸入）
2005725,52069,8312292,274468,(1701845)㈱近鉄エクスプレス（輸入）
2005725,35389,8296508,274468,(1701845)㈱近鉄エクスプレス（輸入）
2005725,58538,8296528,274468,(1701845)㈱近鉄エクスプレス（輸入）
2005725,72114,8296529,274468,(1701845)㈱近鉄エクスプレス（輸入）
2005725,31155,8296532,274468,(1701845)㈱近鉄エクスプレス（輸入）
2005725,65850,8296553,274468,(1701845)㈱近鉄エクスプレス（輸入）
2005725,10278,8282715,274469,(1701856)株式会社近鉄エクスプレス(輸入)
2005725,9680,8282717,274469,(1701856)株式会社近鉄エクスプレス(輸入)
2005725,9680,8282721,274469,(1701856)株式会社近鉄エクスプレス(輸入)
2005725,9680,8282722,274469,(1701856)株式会社近鉄エクスプレス(輸入)
2005725,19045,8282723,274469,(1701856)株式会社近鉄エクスプレス(輸入)
2005725,40342,8282809,274469,(1701856)株式会社近鉄エクスプレス(輸入)
2005725,28950,8275337,274469,(1701856)株式会社近鉄エクスプレス(輸入)
2005725,61609,8284424,274469,(1701856)株式会社近鉄エクスプレス(輸入)
2005725,32220,8252940,274469,(1701856)株式会社近鉄エクスプレス(輸入)
2005725,17344,8292211,274469,(1701856)株式会社近鉄エクスプレス(輸入)
2005725,9680,8289515,274469,(1701856)株式会社近鉄エクスプレス(輸入)
2005725,15066,8289516,274469,(1701856)株式会社近鉄エクスプレス(輸入)
2005725,107309,8289518,274469,(1701856)株式会社近鉄エクスプレス(輸入)
2005725,37035,8289724,274469,(1701856)株式会社近鉄エクスプレス(輸入)
2005725,29242,8285984,274469,(1701856)株式会社近鉄エクスプレス(輸入)
2005725,19920,8278020,274469,(1701856)株式会社近鉄エクスプレス(輸入)
2005725,22536,8290867,274469,(1701856)株式会社近鉄エクスプレス(輸入)
2005725,12748,8290898,274469,(1701856)株式会社近鉄エクスプレス(輸入)
2005725,23593,8298011,274469,(1701856)株式会社近鉄エクスプレス(輸入)
2005725,46430,8298017,274469,(1701856)株式会社近鉄エクスプレス(輸入)
2005725,27924,8293341,274469,(1701856)株式会社近鉄エクスプレス(輸入)
2005725,37329,8293090,274469,(1701856)株式会社近鉄エクスプレス(輸入)
2005725,20494,8293122,274469,(1701856)株式会社近鉄エクスプレス(輸入)
2005725,45265,8297185,274469,(1701856)株式会社近鉄エクスプレス(輸入)
2005725,54818,8297186,274469,(1701856)株式会社近鉄エクスプレス(輸入)
2005725,30068,8293934,274469,(1701856)株式会社近鉄エクスプレス(輸入)
2005725,188638,8287374,274469,(1701856)株式会社近鉄エクスプレス(輸入)
2005725,66941,8279843,274469,(1701856)株式会社近鉄エクスプレス(輸入)
2005725,15543,8286008,274469,(1701856)株式会社近鉄エクスプレス(輸入)
2005725,10585,8286010,274469,(1701856)株式会社近鉄エクスプレス(輸入)
2005725,55451,8292791,274469,(1701856)株式会社近鉄エクスプレス(輸入)
2005725,9680,8292853,274469,(1701856)株式会社近鉄エクスプレス(輸入)
2005725,9680,8297491,274469,(1701856)株式会社近鉄エクスプレス(輸入)
2005725,33337,8291553,274469,(1701856)株式会社近鉄エクスプレス(輸入)
2005725,22198,8291618,274469,(1701856)株式会社近鉄エクスプレス(輸入)
2005725,54678,8291749,274469,(1701856)株式会社近鉄エクスプレス(輸入)
2005725,52598,8291754,274469,(1701856)株式会社近鉄エクスプレス(輸入)
2005725,22701,8291756,274469,(1701856)株式会社近鉄エクスプレス(輸入)
2005725,10478,8292138,274469,(1701856)株式会社近鉄エクスプレス(輸入)
2005725,25837,8299872,274469,(1701856)株式会社近鉄エクスプレス(輸入)
2005725,47579,8299879,274469,(1701856)株式会社近鉄エクスプレス(輸入)
2005725,11180,8299003,274469,(1701856)株式会社近鉄エクスプレス(輸入)
2005725,60792,8299004,274469,(1701856)株式会社近鉄エクスプレス(輸入)
2005725,77391,8299080,274469,(1701856)株式会社近鉄エクスプレス(輸入)
2005725,9680,8299410,274469,(1701856)株式会社近鉄エクスプレス(輸入)
2005725,46900,8305963,274469,(1701856)株式会社近鉄エクスプレス(輸入)
2005725,14082,8300722,274469,(1701856)株式会社近鉄エクスプレス(輸入)
2005725,45789,8306503,274469,(1701856)株式会社近鉄エクスプレス(輸入)
2005725,82344,8306524,274469,(1701856)株式会社近鉄エクスプレス(輸入)
2005725,46806,8294312,274469,(1701856)株式会社近鉄エクスプレス(輸入)
2005725,56037,8294335,274469,(1701856)株式会社近鉄エクスプレス(輸入)
2005725,28998,8294824,274469,(1701856)株式会社近鉄エクスプレス(輸入)
2005725,15983,8294848,274469,(1701856)株式会社近鉄エクスプレス(輸入)
2005725,12819,8294857,274469,(1701856)株式会社近鉄エクスプレス(輸入)
2005725,20944,8300699,274469,(1701856)株式会社近鉄エクスプレス(輸入)
2005725,14561,8300701,274469,(1701856)株式会社近鉄エクスプレス(輸入)
2005725,47477,8305017,274469,(1701856)株式会社近鉄エクスプレス(輸入)
2005725,9733,8301647,274469,(1701856)株式会社近鉄エクスプレス(輸入)
2005725,80239,8305223,0,(1701856)株式会社近鉄エクスプレス(輸入)
2005725,14751,8310549,0,(1701856)株式会社近鉄エクスプレス(輸入)
2005725,24564,8306564,0,(1701856)株式会社近鉄エクスプレス(輸入)
2005725,11180,8306562,0,(1701856)株式会社近鉄エクスプレス(輸入)
2005725,9680,8310816,0,(1701856)株式会社近鉄エクスプレス(輸入)
2005725,12971,8310817,0,(1701856)株式会社近鉄エクスプレス(輸入)
2005725,19862,8286692,0,(1701856)株式会社近鉄エクスプレス(輸入)
2005725,12373,8286704,0,(1701856)株式会社近鉄エクスプレス(輸入)
2005725,42415,8295059,0,(1701856)株式会社近鉄エクスプレス(輸入)
2005725,17629,8295091,0,(1701856)株式会社近鉄エクスプレス(輸入)
2005725,34153,8295104,0,(1701856)株式会社近鉄エクスプレス(輸入)
2005725,11180,8304884,0,(1701856)株式会社近鉄エクスプレス(輸入)
2005725,74217,8306445,0,(1701856)株式会社近鉄エクスプレス(輸入)
2005725,15680,8300003,0,(1701856)株式会社近鉄エクスプレス(輸入)
2005725,30706,8309929,0,(1701856)株式会社近鉄エクスプレス(輸入)
2005725,24979,8312866,0,(1701856)株式会社近鉄エクスプレス(輸入)
2005725,15919,8310333,0,(1701856)株式会社近鉄エクスプレス(輸入)
2005725,31781,8297905,0,(1701856)株式会社近鉄エクスプレス(輸入)
2005725,14567,8297911,0,(1701856)株式会社近鉄エクスプレス(輸入)
2005725,12693,8322711,0,(1701856)株式会社近鉄エクスプレス(輸入)
2005725,28106,8322709,0,(1701856)株式会社近鉄エクスプレス(輸入)
2005725,10159,8303021,0,(1701856)株式会社近鉄エクスプレス(輸入)
2005725,16533,8303022,0,(1701856)株式会社近鉄エクスプレス(輸入)
2005725,61675,8322713,0,(1701856)株式会社近鉄エクスプレス(輸入)
2005725,17540,8304240,0,(1701856)株式会社近鉄エクスプレス(輸入)
2005725,9680,8304893,0,(1701856)株式会社近鉄エクスプレス(輸入)
2005725,19410,8304903,0,(1701856)株式会社近鉄エクスプレス(輸入)
2005725,21958,8312035,0,(1701856)株式会社近鉄エクスプレス(輸入)
2005725,11888,8312037,0,(1701856)株式会社近鉄エクスプレス(輸入)
2005725,43111,8310873,0,(1701856)株式会社近鉄エクスプレス(輸入)
2005725,14516,8310876,0,(1701856)株式会社近鉄エクスプレス(輸入)
2005725,17040,8316640,0,(1701856)株式会社近鉄エクスプレス(輸入)
2005725,29001,8316647,0,(1701856)株式会社近鉄エクスプレス(輸入)
2005725,19683,8310766,0,(1701856)株式会社近鉄エクスプレス(輸入)
2005725,47075,8315817,0,(1701856)株式会社近鉄エクスプレス(輸入)
2005725,9680,8314339,0,(1701856)株式会社近鉄エクスプレス(輸入)
2005725,9680,8314340,0,(1701856)株式会社近鉄エクスプレス(輸入)
2005725,9680,8314341,0,(1701856)株式会社近鉄エクスプレス(輸入)
2005725,9680,8314357,0,(1701856)株式会社近鉄エクスプレス(輸入)
2005725,40523,8316032,0,(1701856)株式会社近鉄エクスプレス(輸入)
2005725,41433,8297453,0,(1701856)株式会社近鉄エクスプレス(輸入)
2005725,12748,8297519,0,(1701856)株式会社近鉄エクスプレス(輸入)
2005725,27773,8297591,0,(1701856)株式会社近鉄エクスプレス(輸入)
2005725,19697,8297659,0,(1701856)株式会社近鉄エクスプレス(輸入)
2005725,27773,8297677,0,(1701856)株式会社近鉄エクスプレス(輸入)
2005725,10637,8297678,0,(1701856)株式会社近鉄エクスプレス(輸入)
2005725,11180,8317927,0,(1701856)株式会社近鉄エクスプレス(輸入)
2005725,75922,8317928,0,(1701856)株式会社近鉄エクスプレス(輸入)
2005725,9680,8318713,0,(1701856)株式会社近鉄エクスプレス(輸入)
2005725,18867,8300683,0,(1701856)株式会社近鉄エクスプレス(輸入)
2005725,9769,8315588,0,(1701856)株式会社近鉄エクスプレス(輸入)
2005725,48713,8309488,0,(1701856)株式会社近鉄エクスプレス(輸入)
2005725,32770,8309528,0,(1701856)株式会社近鉄エクスプレス(輸入)
2005725,13229,8308856,0,(1701856)株式会社近鉄エクスプレス(輸入)
2005725,44799,8316685,0,(1701856)株式会社近鉄エクスプレス(輸入)
2005725,77801,8316712,0,(1701856)株式会社近鉄エクスプレス(輸入)
2005725,9680,8316765,0,(1701856)株式会社近鉄エクスプレス(輸入)
2005725,23144,8316779,0,(1701856)株式会社近鉄エクスプレス(輸入)
2005725,9680,8316787,0,(1701856)株式会社近鉄エクスプレス(輸入)
2005725,11785,8306155,0,(1701856)株式会社近鉄エクスプレス(輸入)
2005725,25668,8306156,0,(1701856)株式会社近鉄エクスプレス(輸入)
2005725,25840,8306283,0,(1701856)株式会社近鉄エクスプレス(輸入)
2005725,9680,8306285,0,(1701856)株式会社近鉄エクスプレス(輸入)
2005725,19595,8306286,0,(1701856)株式会社近鉄エクスプレス(輸入)
2005725,39507,8307491,0,(1701856)株式会社近鉄エクスプレス(輸入)
2005725,39679,8307492,0,(1701856)株式会社近鉄エクスプレス(輸入)
2005725,59964,8319940,0,(1701856)株式会社近鉄エクスプレス(輸入)
2005725,12022,8322379,0,(1701856)株式会社近鉄エクスプレス(輸入)
2005725,9680,8322517,0,(1701856)株式会社近鉄エクスプレス(輸入)
2005725,20367,8322524,0,(1701856)株式会社近鉄エクスプレス(輸入)
2005725,9680,8322527,0,(1701856)株式会社近鉄エクスプレス(輸入)
2005725,51837,8323104,0,(1701856)株式会社近鉄エクスプレス(輸入)
2005725,9680,8323620,0,(1701856)株式会社近鉄エクスプレス(輸入)
2005725,9607,8322428,0,(1701856)株式会社近鉄エクスプレス(輸入)
2005725,8680,8322489,0,(1701856)株式会社近鉄エクスプレス(輸入)
2005725,47477,8324902,0,(1701856)株式会社近鉄エクスプレス(輸入)
2005725,59161,8322916,0,(1701856)株式会社近鉄エクスプレス(輸入)
2005725,60029,8316720,0,(1701856)株式会社近鉄エクスプレス(輸入)
2005725,19678,8316780,0,(1701856)株式会社近鉄エクスプレス(輸入)
2005725,19422,8316805,0,(1701856)株式会社近鉄エクスプレス(輸入)
2005725,15033,8316973,0,(1701856)株式会社近鉄エクスプレス(輸入)
2005725,39469,8317022,0,(1701856)株式会社近鉄エクスプレス(輸入)
2005725,20207,8317023,0,(1701856)株式会社近鉄エクスプレス(輸入)
2005725,9680,8317061,0,(1701856)株式会社近鉄エクスプレス(輸入)
2005725,29249,8325482,0,(1701856)株式会社近鉄エクスプレス(輸入)
2005725,25971,8327628,0,(1701856)株式会社近鉄エクスプレス(輸入)
2005725,12117,8325235,0,(1701856)株式会社近鉄エクスプレス(輸入)
2005725,12302,8325246,0,(1701856)株式会社近鉄エクスプレス(輸入)
2005725,46352,8319735,0,(1701856)株式会社近鉄エクスプレス(輸入)
2005725,98145,8319736,0,(1701856)株式会社近鉄エクスプレス(輸入)
2005725,67241,8319738,0,(1701856)株式会社近鉄エクスプレス(輸入)
2005725,9680,8319744,0,(1701856)株式会社近鉄エクスプレス(輸入)
2005725,41124,8319612,0,(1701856)株式会社近鉄エクスプレス(輸入)
2005725,45233,8325074,0,(1701856)株式会社近鉄エクスプレス(輸入)
2005725,8680,8327818,0,(1701856)株式会社近鉄エクスプレス(輸入)
2005725,26606,8318952,0,(1701856)株式会社近鉄エクスプレス(輸入)
2005725,30792,8319297,0,(1701856)株式会社近鉄エクスプレス(輸入)
2005725,58500,8317359,0,(1701856)株式会社近鉄エクスプレス(輸入)
2005725,9680,8321569,0,(1701856)株式会社近鉄エクスプレス(輸入)
2005725,19837,8321576,0,(1701856)株式会社近鉄エクスプレス(輸入)
2005725,23020,8321582,0,(1701856)株式会社近鉄エクスプレス(輸入)
2005725,14082,8321584,0,(1701856)株式会社近鉄エクスプレス(輸入)
2005725,19368,8322550,0,(1701856)株式会社近鉄エクスプレス(輸入)
2005725,13891,8322563,0,(1701856)株式会社近鉄エクスプレス(輸入)
2005725,28891,8322567,0,(1701856)株式会社近鉄エクスプレス(輸入)
2005725,56972,8319944,0,(1701856)株式会社近鉄エクスプレス(輸入)
2005725,11180,8325217,0,(1701856)株式会社近鉄エクスプレス(輸入)
2005725,26672,8325220,0,(1701856)株式会社近鉄エクスプレス(輸入)
2005725,73302,8317593,0,(1701856)株式会社近鉄エクスプレス(輸入)
2005725,43973,8318749,0,(1701856)株式会社近鉄エクスプレス(輸入)
2005725,17490,8318856,0,(1701856)株式会社近鉄エクスプレス(輸入)
2005725,20775,8318991,0,(1701856)株式会社近鉄エクスプレス(輸入)
2005725,36865,8325278,0,(1701856)株式会社近鉄エクスプレス(輸入)
2005725,66685,8325280,0,(1701856)株式会社近鉄エクスプレス(輸入)
2005725,13406,8324341,0,(1701856)株式会社近鉄エクスプレス(輸入)
2005725,27570,8324346,0,(1701856)株式会社近鉄エクスプレス(輸入)
2005725,9680,8324348,0,(1701856)株式会社近鉄エクスプレス(輸入)
2005725,9680,8325533,0,(1701856)株式会社近鉄エクスプレス(輸入)
2005725,12366,8326711,0,(1701856)株式会社近鉄エクスプレス(輸入)
2005725,33312,8327274,0,(1701856)株式会社近鉄エクスプレス(輸入)
2005725,11817,8327276,0,(1701856)株式会社近鉄エクスプレス(輸入)
2005725,14324,8327277,0,(1701856)株式会社近鉄エクスプレス(輸入)
2005725,17004,8327280,0,(1701856)株式会社近鉄エクスプレス(輸入)
2758922,56777,8324037,0,(3300796)東レｲﾝﾀｰﾅｼｮﾅﾙ㈱:通常船積分
2758922,-56777,8325560,0,(3300796)東レｲﾝﾀｰﾅｼｮﾅﾙ㈱:通常船積分
2758922,25017,8325561,0,(3300796)東レｲﾝﾀｰﾅｼｮﾅﾙ㈱:通常船積分
2758922,-25017,8326980,0,(3300796)東レｲﾝﾀｰﾅｼｮﾅﾙ㈱:通常船積分
2758922,21717,8326981,0,(3300796)東レｲﾝﾀｰﾅｼｮﾅﾙ㈱:通常船積分
2758922,5500,8326979,0,(3300796)東レｲﾝﾀｰﾅｼｮﾅﾙ㈱:通常船積分
2758922,15024,8326639,0,(3300796)東レｲﾝﾀｰﾅｼｮﾅﾙ㈱:通常船積分
2758922,9931,8324442,0,(3300796)東レｲﾝﾀｰﾅｼｮﾅﾙ㈱:通常船積分
2758922,7211,8323907,0,(3300796)東レｲﾝﾀｰﾅｼｮﾅﾙ㈱:通常船積分
2758922,7211,8323908,0,(3300796)東レｲﾝﾀｰﾅｼｮﾅﾙ㈱:通常船積分
